File_Name,Predicted_Emotion,Confidence_Score,Anger_Score,Disgust_Score,Fear_Score,Happiness_Score,Neutral_Score,Sadness_Score
/home/jecroisp/Thesis/processed_data/TestingData/downLoadedGifs/2XskdWPH2WxnxfMnZAI.gif,Neutral,0.5443032,0.029619012,0.077485725,0.06896968,0.20777641,0.5443032,0.07184601
/home/jecroisp/Thesis/processed_data/TestingData/downLoadedGifs/S5Pgd5fykea99hAm8r.gif,Sadness,0.500611,0.067242585,0.015973056,0.083644144,0.00404341,0.32848588,0.500611
/home/jecroisp/Thesis/processed_data/TestingData/downLoadedGifs/PJTQJPEoWvuKY.gif,Neutral,0.8392327,0.004797166,0.010715319,0.021950006,0.12277211,0.8392327,0.0005327336
/home/jecroisp/Thesis/processed_data/TestingData/downLoadedGifs/ysoK6qc1xpNxm.gif,Neutral,0.79254395,0.06321793,0.03038124,0.055864282,0.006520641,0.79254395,0.051471997
/home/jecroisp/Thesis/processed_data/TestingData/downLoadedGifs/asLOZFUdcYsfK.gif,Happiness,0.49152917,0.0041622813,0.03316611,0.0018656877,0.49152917,0.4672374,0.0020393913
/home/jecroisp/Thesis/processed_data/TestingData/downLoadedGifs/1310XHyc6yC6ju.gif,Anger,0.41888735,0.41888735,0.3233301,0.031430487,0.143776,0.080946006,0.0016300596
/home/jecroisp/Thesis/processed_data/TestingData/downLoadedGifs/k90nbKSCPUfra.gif,Neutral,0.60546815,0.036176268,0.28122008,0.00503212,0.047532298,0.60546815,0.024571057
/home/jecroisp/Thesis/processed_data/TestingData/downLoadedGifs/jPJz9s6VAqLLi.gif,Neutral,0.84956104,0.006938492,0.0129373865,0.0723742,0.0026518833,0.84956104,0.055537008
/home/jecroisp/Thesis/processed_data/TestingData/downLoadedGifs/qUrOyBLlXGwXS.gif,Fear,0.71996,0.007540159,0.012020636,0.71996,0.0058875117,0.23505601,0.01953574
/home/jecroisp/Thesis/processed_data/TestingData/downLoadedGifs/cuRKusHF9CfLK9ERCb.gif,Neutral,0.74998635,0.003229831,0.09147903,0.062767714,0.0009957753,0.74998635,0.09154123
/home/jecroisp/Thesis/processed_data/TestingData/downLoadedGifs/olzqYUAaUowBa.gif,Neutral,0.7638396,0.005790903,0.01303911,0.10641934,0.09252099,0.7638396,0.018390065
/home/jecroisp/Thesis/processed_data/TestingData/downLoadedGifs/FcLy8GpsFyUog.gif,Neutral,0.96061,0.011064464,0.008688312,0.0027935912,0.01522069,0.96061,0.0016230425
/home/jecroisp/Thesis/processed_data/TestingData/downLoadedGifs/j5QcmXoFWl4Q0.gif,Neutral,0.64811665,0.0625901,0.19853485,0.059729256,0.015893636,0.64811665,0.015135508
/home/jecroisp/Thesis/processed_data/TestingData/downLoadedGifs/xTiTnB3a61IMwShHmE.gif,Neutral,0.5440582,0.054801393,0.08590951,0.20316015,0.027916353,0.5440582,0.08415438
/home/jecroisp/Thesis/processed_data/TestingData/downLoadedGifs/oXcOeuhsXlOSrSHMPw.gif,Neutral,0.8463572,0.00828145,0.0029512455,0.05628552,0.0057780133,0.8463572,0.08034648
/home/jecroisp/Thesis/processed_data/TestingData/downLoadedGifs/GY5xMevFOGi1a.gif,Neutral,0.6117311,0.08903191,0.26521868,0.021222308,0.011891167,0.6117311,0.0009048337
/home/jecroisp/Thesis/processed_data/TestingData/downLoadedGifs/d8A7MUMOydhhC.gif,Fear,0.77328825,0.0010797791,0.004160036,0.77328825,0.0017342437,0.21883208,0.00090565206
/home/jecroisp/Thesis/processed_data/TestingData/downLoadedGifs/FvgJBCT7mKTKM.gif,Disgust,0.7228472,0.021128625,0.7228472,0.0114903515,0.013822172,0.22845802,0.0022536397
/home/jecroisp/Thesis/processed_data/TestingData/downLoadedGifs/HFyDr6tKVe90Y.gif,Anger,0.52034134,0.52034134,0.0342074,0.21015799,0.0017672472,0.1418452,0.091680795
/home/jecroisp/Thesis/processed_data/TestingData/downLoadedGifs/9Cj0oZUR3VslO.gif,Neutral,0.671869,0.0065240017,0.0013313673,0.31684405,0.0031180526,0.671869,0.00031355416
/home/jecroisp/Thesis/processed_data/TestingData/downLoadedGifs/bl2FKRXQaFgf6.gif,Neutral,0.883755,0.017153485,0.006557952,0.02151321,0.066865906,0.883755,0.0041543953
/home/jecroisp/Thesis/processed_data/TestingData/downLoadedGifs/jGtZbC0thruow.gif,Neutral,0.69307643,0.0048124706,0.00818972,0.20056573,0.044148035,0.69307643,0.04920767
/home/jecroisp/Thesis/processed_data/TestingData/downLoadedGifs/PpCyq0bsGhERO.gif,Neutral,0.8848082,0.06837192,0.033585716,0.000425889,0.006347516,0.8848082,0.0064607947
/home/jecroisp/Thesis/processed_data/TestingData/downLoadedGifs/Hi2zvNbyWsFaM.gif,Neutral,0.6672163,0.0019475769,0.31080654,0.006828005,0.009381464,0.6672163,0.0038200882
/home/jecroisp/Thesis/processed_data/TestingData/downLoadedGifs/4Ra6jnDDOVdNS.gif,Neutral,0.9145523,0.0040957453,0.0018593683,0.010403482,0.001905935,0.9145523,0.06718316
/home/jecroisp/Thesis/processed_data/TestingData/downLoadedGifs/x755LoyTt9dUk.gif,Neutral,0.66131514,0.033984512,0.19680446,0.08187946,0.02055172,0.66131514,0.005464671
/home/jecroisp/Thesis/processed_data/TestingData/downLoadedGifs/13S1lWb5qheNBC.gif,Disgust,0.50956565,0.17938091,0.50956565,0.0061349743,0.047010776,0.25728375,0.00062405184
/home/jecroisp/Thesis/processed_data/TestingData/downLoadedGifs/l0Ex3ijvSsICmvOLK.gif,Neutral,0.7947247,0.00012212657,0.00087545323,0.15164755,0.014040773,0.7947247,0.038589362
/home/jecroisp/Thesis/processed_data/TestingData/downLoadedGifs/nLD20OgpndiEw.gif,Anger,0.56979823,0.56979823,0.18208706,0.045376584,0.007554329,0.14940433,0.0457795
/home/jecroisp/Thesis/processed_data/TestingData/downLoadedGifs/3uVDKeNFhgksU.gif,Neutral,0.63452303,0.1278268,0.18467478,0.016285023,0.03408607,0.63452303,0.0026043628
/home/jecroisp/Thesis/processed_data/TestingData/downLoadedGifs/f8oqjTlp0PdMA.gif,Neutral,0.86754364,0.0015944323,0.0006361619,0.117957085,0.0021195582,0.86754364,0.010149192
/home/jecroisp/Thesis/processed_data/TestingData/downLoadedGifs/rbmQ6CRJERE3K.gif,Neutral,0.9633672,0.016770039,0.01051543,0.0015496679,0.007472823,0.9633672,0.00032476272
/home/jecroisp/Thesis/processed_data/TestingData/downLoadedGifs/12KlG0o01FZNQs.gif,Fear,0.44566083,0.017974826,0.099711895,0.44566083,0.015796669,0.4117245,0.009131279
/home/jecroisp/Thesis/processed_data/TestingData/downLoadedGifs/3oKHW5HcygwWE8XgHK.gif,Fear,0.50286555,0.40949827,0.064619176,0.50286555,0.0004389643,0.017841134,0.0047368756
/home/jecroisp/Thesis/processed_data/TestingData/downLoadedGifs/WY3dCO9TlqwaQ.gif,Neutral,0.5264087,0.00076614396,0.01278956,0.34808257,0.010035897,0.5264087,0.10191715
/home/jecroisp/Thesis/processed_data/TestingData/downLoadedGifs/u7uiWWbRFC2TC.gif,Neutral,0.68601054,0.038072307,0.15348855,0.11710862,0.0044018137,0.68601054,0.0009182504
/home/jecroisp/Thesis/processed_data/TestingData/downLoadedGifs/HY2d8hQZMbMju.gif,Neutral,0.8840224,0.007969525,0.0445523,0.008164864,0.024045665,0.8840224,0.031245194
/home/jecroisp/Thesis/processed_data/TestingData/downLoadedGifs/smGtEdVjeQysg.gif,Happiness,0.5708625,0.00063101895,0.018587997,0.0031178452,0.5708625,0.38309768,0.023702994
/home/jecroisp/Thesis/processed_data/TestingData/downLoadedGifs/RYfRxW6qGOQN2.gif,Neutral,0.81310105,0.0050172824,0.030319223,0.12357634,0.02087555,0.81310105,0.0071105827
/home/jecroisp/Thesis/processed_data/TestingData/downLoadedGifs/KjWWOh4lbhrva.gif,Neutral,0.96620095,0.02212446,0.0026889283,0.0069438173,0.0005275491,0.96620095,0.0015142404
/home/jecroisp/Thesis/processed_data/TestingData/downLoadedGifs/SNf8OSoSlDIm0yrYxy.gif,Neutral,0.6994073,0.011295823,0.023500975,0.036916766,0.012220154,0.6994073,0.216659
/home/jecroisp/Thesis/processed_data/TestingData/downLoadedGifs/O11Sc36BqMyVG.gif,Neutral,0.5354498,0.34484538,0.04546185,0.009389741,0.061307725,0.5354498,0.0035454577
/home/jecroisp/Thesis/processed_data/TestingData/downLoadedGifs/26tPtM8Arb1nyc1i0.gif,Neutral,0.5201796,0.007632106,0.44908077,0.0074689724,0.015370821,0.5201796,0.00026780483
/home/jecroisp/Thesis/processed_data/TestingData/downLoadedGifs/XADqhTKtqg06c.gif,Neutral,0.5595836,0.0076852,0.004993108,0.30830795,0.0012309137,0.5595836,0.11819929
/home/jecroisp/Thesis/processed_data/TestingData/downLoadedGifs/26tPtM8Arb1nyc1i0.gif,Neutral,0.5201796,0.007632106,0.44908077,0.0074689724,0.015370821,0.5201796,0.00026780483
/home/jecroisp/Thesis/processed_data/TestingData/downLoadedGifs/aBcsaAYpBEtLW.gif,Neutral,0.7819738,0.008612718,0.07269612,0.07560283,0.0051905466,0.7819738,0.055924
/home/jecroisp/Thesis/processed_data/TestingData/downLoadedGifs/2lZOHXYYWQTtu.gif,Neutral,0.47457433,0.01633276,0.18521418,0.069493964,0.014811578,0.47457433,0.23957314
/home/jecroisp/Thesis/processed_data/TestingData/downLoadedGifs/10KL1QSQNsyEZa.gif,Anger,0.4445853,0.4445853,0.015844086,0.2715861,0.046253532,0.22147514,0.00025585725
/home/jecroisp/Thesis/processed_data/TestingData/downLoadedGifs/MNCeuUJfRykxi.gif,Fear,0.34324273,0.31022045,0.01603705,0.34324273,0.0130637195,0.31003729,0.007398746
/home/jecroisp/Thesis/processed_data/TestingData/downLoadedGifs/A2W1Qq8pGpm3S.gif,Disgust,0.43223777,0.23114161,0.43223777,0.008583241,0.068317436,0.23778059,0.02193944
/home/jecroisp/Thesis/processed_data/TestingData/downLoadedGifs/G619lXOyFZb5S.gif,Neutral,0.6884353,0.022195281,0.017218845,0.1939983,0.06393552,0.6884353,0.014216706
/home/jecroisp/Thesis/processed_data/TestingData/downLoadedGifs/kVRBvsiOyBM8o.gif,Neutral,0.81578106,0.0023292056,0.016897235,0.14560664,0.0043202643,0.81578106,0.015065633
/home/jecroisp/Thesis/processed_data/TestingData/downLoadedGifs/CvGa6hlslCiXC3wf9r.gif,Neutral,0.5933531,0.14430882,0.11741229,0.020308353,0.06201818,0.5933531,0.06259931
/home/jecroisp/Thesis/processed_data/TestingData/downLoadedGifs/qDhXlK4FnpSDK.gif,Neutral,0.5318202,0.03302362,0.38973147,0.030027157,0.008784213,0.5318202,0.006613381
/home/jecroisp/Thesis/processed_data/TestingData/downLoadedGifs/kB2uyoigIXPMI.gif,Neutral,0.9452202,0.0023891025,0.0042966455,0.014768537,0.0015336651,0.9452202,0.03179187
/home/jecroisp/Thesis/processed_data/TestingData/downLoadedGifs/XJF0h4EHscwHm.gif,Neutral,0.8625313,0.00609046,0.05813757,0.030269843,0.0015359421,0.8625313,0.041434947
/home/jecroisp/Thesis/processed_data/TestingData/downLoadedGifs/WrKkFqdpoOUBq.gif,Neutral,0.93997926,0.0048892046,0.015935536,0.025952118,0.004123131,0.93997926,0.009120784
/home/jecroisp/Thesis/processed_data/TestingData/downLoadedGifs/NN9YQXuUlhh84.gif,Neutral,0.6099033,0.002396889,0.17232685,0.0030465457,0.21119617,0.6099033,0.0011302596
/home/jecroisp/Thesis/processed_data/TestingData/downLoadedGifs/Tbpc95JLaz4LC.gif,Neutral,0.73342943,0.06474202,0.015044402,0.049705774,0.011452996,0.73342943,0.12562537
/home/jecroisp/Thesis/processed_data/TestingData/downLoadedGifs/1zd2LUEk9DrvW.gif,Neutral,0.5532733,0.004081914,0.043093033,0.016868515,0.37346584,0.5532733,0.00921738
/home/jecroisp/Thesis/processed_data/TestingData/downLoadedGifs/DKiI2927B1xFC.gif,Fear,0.45717132,0.009491605,0.05625168,0.45717132,0.0027644108,0.42254093,0.051780082
/home/jecroisp/Thesis/processed_data/TestingData/downLoadedGifs/8hvb1Ok0hJ2OQ.gif,Neutral,0.9255276,0.009347327,0.015773045,0.010892781,0.0031243379,0.9255276,0.035334907
/home/jecroisp/Thesis/processed_data/TestingData/downLoadedGifs/D6zTH34ZKARTW.gif,Neutral,0.52754843,0.0083610695,0.06697035,0.045259137,0.30675754,0.52754843,0.045103483
/home/jecroisp/Thesis/processed_data/TestingData/downLoadedGifs/9RsqYphkRclz2.gif,Neutral,0.9233249,0.019563986,0.013661755,0.0008741076,0.042300276,0.9233249,0.00027506828
/home/jecroisp/Thesis/processed_data/TestingData/downLoadedGifs/10ExQg4YwG1p8k.gif,Neutral,0.5768055,0.026928734,0.022196686,0.17428894,0.0032772862,0.5768055,0.19650294
/home/jecroisp/Thesis/processed_data/TestingData/downLoadedGifs/brjJHcjSkifte.gif,Neutral,0.8308948,0.022839243,0.020352565,0.03563588,0.021936763,0.8308948,0.06834079
/home/jecroisp/Thesis/processed_data/TestingData/downLoadedGifs/j2D2fnqcQquzu.gif,Happiness,0.6067945,0.016745789,0.0021580902,0.07146468,0.6067945,0.30253184,0.00030509476
/home/jecroisp/Thesis/processed_data/TestingData/downLoadedGifs/hC7hhvggNdbMc.gif,Neutral,0.94493866,0.0115314815,0.0012953123,0.018033985,0.020003654,0.94493866,0.0041968604
/home/jecroisp/Thesis/processed_data/TestingData/downLoadedGifs/ZNzFSd6F427bG.gif,Neutral,0.80769646,0.0049477895,0.0058867596,0.03765385,0.06603548,0.80769646,0.07777959
/home/jecroisp/Thesis/processed_data/TestingData/downLoadedGifs/WYVHeDgRR2o24.gif,Neutral,0.9619036,0.0007025001,0.0045666583,0.0066358713,0.0134887155,0.9619036,0.012702832
/home/jecroisp/Thesis/processed_data/TestingData/downLoadedGifs/G2UovGbsa17Fu.gif,Neutral,0.94485766,0.00046772455,0.0020301137,0.018021947,0.001420799,0.94485766,0.03320166
/home/jecroisp/Thesis/processed_data/TestingData/downLoadedGifs/4pb05K5LtdRXq.gif,Neutral,0.9258942,0.025273126,0.0014569096,0.0056457855,0.002276761,0.9258942,0.03945318
/home/jecroisp/Thesis/processed_data/TestingData/downLoadedGifs/fvtmoJ7S6GzRe.gif,Fear,0.5193207,0.054365933,0.03426274,0.5193207,0.0002767702,0.388894,0.0028799179
/home/jecroisp/Thesis/processed_data/TestingData/downLoadedGifs/110G1vtyxUJ4go.gif,Neutral,0.5229199,0.109211706,0.32426465,0.00072194746,0.040198132,0.5229199,0.0026836982
/home/jecroisp/Thesis/processed_data/TestingData/downLoadedGifs/10nQVrNmo9klUI.gif,Fear,0.35349047,0.052447464,0.27590075,0.35349047,0.0032361508,0.31199855,0.0029266274
/home/jecroisp/Thesis/processed_data/TestingData/downLoadedGifs/11Uo8lZPWnkq3e.gif,Neutral,0.85899365,0.0032911603,0.036317743,0.008558421,0.03641177,0.85899365,0.056427307
/home/jecroisp/Thesis/processed_data/TestingData/downLoadedGifs/aF1N95HefyANO.gif,Fear,0.55111235,0.022432296,0.01030689,0.55111235,0.0038491527,0.4020777,0.010221714
/home/jecroisp/Thesis/processed_data/TestingData/downLoadedGifs/3oEduMcvxTNPlGuhH2.gif,Neutral,0.7097978,0.06562029,0.008286249,0.112748586,0.0045238426,0.7097978,0.099023275
/home/jecroisp/Thesis/processed_data/TestingData/downLoadedGifs/SHppUTMNewZwc.gif,Fear,0.3474577,0.079407565,0.03764477,0.3474577,0.032084193,0.1849058,0.31849992
/home/jecroisp/Thesis/processed_data/TestingData/downLoadedGifs/rHVbvmCFpuvmM.gif,Neutral,0.4328678,0.06031568,0.12591414,0.05616331,0.070405535,0.4328678,0.2543336
/home/jecroisp/Thesis/processed_data/TestingData/downLoadedGifs/1iW2iFjGi8Mu7yfK.gif,Fear,0.6252094,0.010023264,0.0011342448,0.6252094,0.0015654415,0.17224653,0.1898212
/home/jecroisp/Thesis/processed_data/TestingData/downLoadedGifs/Bz4tJnw3uep8s.gif,Neutral,0.42309132,0.025568994,0.3098985,0.02692504,0.024251847,0.42309132,0.1902643
/home/jecroisp/Thesis/processed_data/TestingData/downLoadedGifs/T3VllkrxQ1JXG.gif,Sadness,0.370576,0.007105165,0.15817219,0.02205135,0.10525693,0.33683836,0.370576
/home/jecroisp/Thesis/processed_data/TestingData/downLoadedGifs/PpgBsb0Jfntio.gif,Neutral,0.7022015,0.0015656305,0.0023599644,0.26468742,0.00096738886,0.7022015,0.028218128
/home/jecroisp/Thesis/processed_data/TestingData/downLoadedGifs/3o85xAymITsLwO0nIs.gif,Neutral,0.62143904,0.090206295,0.18209752,0.034386594,0.04022244,0.62143904,0.031648114
/home/jecroisp/Thesis/processed_data/TestingData/downLoadedGifs/3LziqePgaY4uI.gif,Happiness,0.7955334,0.032031544,0.027874123,0.0059806597,0.7955334,0.13300824,0.0055719675
/home/jecroisp/Thesis/processed_data/TestingData/downLoadedGifs/l0O9xMYfZF67bjIcM.gif,Anger,0.29915023,0.29915023,0.10487896,0.12873171,0.035483725,0.22244628,0.20930909
/home/jecroisp/Thesis/processed_data/TestingData/downLoadedGifs/sgWHkkjwcnKes.gif,Anger,0.79523283,0.79523283,0.13810907,0.0072381706,0.0042179367,0.024158284,0.031043628
/home/jecroisp/Thesis/processed_data/TestingData/downLoadedGifs/TKrjl5inUPYoU.gif,Neutral,0.68495005,0.0054491297,0.2692584,0.023646984,0.0021788622,0.68495005,0.014516539
/home/jecroisp/Thesis/processed_data/TestingData/downLoadedGifs/PtUUcXERWXEYM.gif,Disgust,0.58506906,0.044800133,0.58506906,0.011265328,0.016773148,0.33598956,0.0061027743
/home/jecroisp/Thesis/processed_data/TestingData/downLoadedGifs/b9aScKLxdv0Y0.gif,Disgust,0.7067328,0.21422756,0.7067328,0.041844707,0.006487249,0.027428713,0.0032789877
/home/jecroisp/Thesis/processed_data/TestingData/downLoadedGifs/XRWPkTfSZg9oY.gif,Neutral,0.5193521,0.07481802,0.34494165,0.025923356,0.015924988,0.5193521,0.01903984
/home/jecroisp/Thesis/processed_data/TestingData/downLoadedGifs/J5mnrjmGTpdL2.gif,Neutral,0.59193474,0.012782502,0.36640045,0.0016112904,0.019738983,0.59193474,0.0075321035
/home/jecroisp/Thesis/processed_data/TestingData/downLoadedGifs/Xxd0GjmiHOzvi.gif,Neutral,0.74854136,0.078361385,0.087371886,0.01809434,0.04543666,0.74854136,0.022194447
/home/jecroisp/Thesis/processed_data/TestingData/downLoadedGifs/l41lX21w8cZu7Nqpy.gif,Neutral,0.6609003,0.22268887,0.0065708263,0.0847855,0.018699683,0.6609003,0.006354849
/home/jecroisp/Thesis/processed_data/TestingData/downLoadedGifs/3rEi755PzPwqY.gif,Fear,0.33087245,0.2009487,0.009551809,0.33087245,0.0023008038,0.19719137,0.25913483
/home/jecroisp/Thesis/processed_data/TestingData/downLoadedGifs/avbafjL1jRiFy.gif,Fear,0.42792332,0.0033185724,0.021814143,0.42792332,0.0008705504,0.39979172,0.14628175
/home/jecroisp/Thesis/processed_data/TestingData/downLoadedGifs/zMIFs34GqnquI.gif,Neutral,0.64270496,0.004996801,0.00592118,0.051004395,0.28993803,0.64270496,0.0054347
/home/jecroisp/Thesis/processed_data/TestingData/downLoadedGifs/xTiTnmuDsR7NtN9XWw.gif,Fear,0.7388138,0.006462462,0.0013664204,0.7388138,0.0019292712,0.24112806,0.010299907
/home/jecroisp/Thesis/processed_data/TestingData/downLoadedGifs/qqy8lV7Br6mx8C2qWd.gif,Neutral,0.633543,0.08504316,0.038716868,0.0020460654,0.20606847,0.633543,0.034582425
/home/jecroisp/Thesis/processed_data/TestingData/downLoadedGifs/3ornka9rAaKRA2Rkac.gif,Neutral,0.7573581,0.021317435,0.045973618,0.017576965,0.009984393,0.7573581,0.14778951
/home/jecroisp/Thesis/processed_data/TestingData/downLoadedGifs/pHb82xtBPfqEg.gif,Neutral,0.71098274,0.053673774,0.1213023,0.022746015,0.0010066209,0.71098274,0.090288594
/home/jecroisp/Thesis/processed_data/TestingData/downLoadedGifs/10osILvZ4ez7ws.gif,Neutral,0.95195884,0.0010998719,3.4203284e-05,0.040382665,0.005560267,0.95195884,0.0009641474
/home/jecroisp/Thesis/processed_data/TestingData/downLoadedGifs/g5zvwUa9720pO.gif,Happiness,0.27700397,0.2170548,0.21201006,0.033958573,0.27700397,0.23927906,0.020693567
/home/jecroisp/Thesis/processed_data/TestingData/downLoadedGifs/yVZrYMkdgY5Pi.gif,Neutral,0.6304835,0.0072602094,0.0040872926,0.080027,0.27718595,0.6304835,0.0009560755
/home/jecroisp/Thesis/processed_data/TestingData/downLoadedGifs/14ghVSBbXb7Gco.gif,Neutral,0.96426225,0.0023152712,0.0039308346,0.0065176245,0.0011725259,0.96426225,0.02180148
/home/jecroisp/Thesis/processed_data/TestingData/downLoadedGifs/14ceV8wMLIGO6Q.gif,Fear,0.56173587,0.034289468,0.001380722,0.56173587,0.006703331,0.39229652,0.0035940977
/home/jecroisp/Thesis/processed_data/TestingData/downLoadedGifs/hEwkspP1OllJK.gif,Disgust,0.6547863,0.0020556287,0.6547863,0.008355171,0.0059002265,0.25931326,0.06958939
/home/jecroisp/Thesis/processed_data/TestingData/downLoadedGifs/Z5eFxoKjf218c.gif,Neutral,0.8645576,0.0029886132,0.07570028,0.010028455,0.0022516958,0.8645576,0.04447334
/home/jecroisp/Thesis/processed_data/TestingData/downLoadedGifs/HFyBNSSlNwNKE.gif,Fear,0.5517049,0.10151837,0.084735565,0.5517049,0.005884642,0.118668295,0.13748826
/home/jecroisp/Thesis/processed_data/TestingData/downLoadedGifs/CAxbo8KC2A0y4.gif,Neutral,0.64781976,0.004712171,0.32347918,0.0051217033,0.012048334,0.64781976,0.006818847
/home/jecroisp/Thesis/processed_data/TestingData/downLoadedGifs/10uct1aSFT7QiY.gif,Neutral,0.75035036,0.003713009,0.00240508,0.23400009,0.0006236955,0.75035036,0.008907806
/home/jecroisp/Thesis/processed_data/TestingData/downLoadedGifs/RUUdVZqwpfTRS.gif,Neutral,0.5082869,0.02130732,0.15741463,0.14389372,0.15068102,0.5082869,0.018416455
/home/jecroisp/Thesis/processed_data/TestingData/downLoadedGifs/nbsIAR9Pc9wMBEshgC.gif,Neutral,0.94665575,0.008265461,0.0007698194,0.040385347,0.00067304313,0.94665575,0.0032505451
/home/jecroisp/Thesis/processed_data/TestingData/downLoadedGifs/XmiTYLQ5qXTqM.gif,Neutral,0.9241985,0.0055825855,0.020424385,0.0005662649,0.046998378,0.9241985,0.002229807
/home/jecroisp/Thesis/processed_data/TestingData/downLoadedGifs/hcsoflVVr8gYE.gif,Neutral,0.980378,0.004839745,0.010763289,0.00034194574,0.0027471408,0.980378,0.000929953
/home/jecroisp/Thesis/processed_data/TestingData/downLoadedGifs/GCvktC0KFy9l6.gif,Neutral,0.59199125,0.0023605323,0.3625697,0.007506103,0.012147113,0.59199125,0.023425298
/home/jecroisp/Thesis/processed_data/TestingData/downLoadedGifs/l2JJKs3I69qfaQleE.gif,Neutral,0.33752254,0.323515,0.16542467,0.0006944291,0.17042397,0.33752254,0.0024193733
/home/jecroisp/Thesis/processed_data/TestingData/downLoadedGifs/jeXiz1RAvzX44.gif,Neutral,0.78218776,0.0043887612,0.0016435122,0.20518792,0.0024281938,0.78218776,0.0041638534
/home/jecroisp/Thesis/processed_data/TestingData/downLoadedGifs/UjBvt2DJobX7q.gif,Fear,0.83738935,0.005358044,0.0017089429,0.83738935,0.0021223603,0.15270847,0.0007128066
/home/jecroisp/Thesis/processed_data/TestingData/downLoadedGifs/sR91D133W02D6.gif,Disgust,0.72573334,0.12559941,0.72573334,0.010934925,0.007798529,0.12831822,0.0016155768
/home/jecroisp/Thesis/processed_data/TestingData/downLoadedGifs/nC1toglzIfNFC.gif,Neutral,0.77931577,0.07165187,0.10788499,0.0010533915,0.005413753,0.77931577,0.034680124
/home/jecroisp/Thesis/processed_data/TestingData/downLoadedGifs/ceK5e0DXc7Zh6.gif,Neutral,0.4824778,0.003187495,0.039330527,0.021482531,0.44132996,0.4824778,0.01219168
/home/jecroisp/Thesis/processed_data/TestingData/downLoadedGifs/iMQ2kjkP8chaj02EjB.gif,Neutral,0.742473,0.043794606,0.1851363,0.002027069,0.023483237,0.742473,0.0030858216
/home/jecroisp/Thesis/processed_data/TestingData/downLoadedGifs/zVxeZHKKemqWs.gif,Disgust,0.5586771,0.0029393446,0.5586771,0.04452099,0.08460056,0.29534978,0.013912293
/home/jecroisp/Thesis/processed_data/TestingData/downLoadedGifs/VH8QBcXLrfz1u.gif,Neutral,0.84671885,0.023826871,0.052747898,0.013585246,0.0038803117,0.84671885,0.05924082
/home/jecroisp/Thesis/processed_data/TestingData/downLoadedGifs/gdUVz1Z6jpMk0.gif,Neutral,0.45885274,0.039794106,0.2165624,0.005022828,0.03601839,0.45885274,0.24374945
/home/jecroisp/Thesis/processed_data/TestingData/downLoadedGifs/l0MYKFSWjNzFXL76o.gif,Neutral,0.9791149,0.0123047205,0.0014827647,0.003261303,0.0020534513,0.9791149,0.0017829135
/home/jecroisp/Thesis/processed_data/TestingData/downLoadedGifs/CH0fzClj8QCDS.gif,Fear,0.41017953,0.20651329,0.075639784,0.41017953,0.0013376172,0.3061292,0.00020063079
/home/jecroisp/Thesis/processed_data/TestingData/downLoadedGifs/FiBzv5FRE85PO.gif,Disgust,0.529071,0.028897565,0.529071,0.2719276,0.0057088165,0.15483005,0.009564969
/home/jecroisp/Thesis/processed_data/TestingData/downLoadedGifs/qGyNYdgDARies.gif,Neutral,0.7457976,0.024175672,0.04375574,0.08733785,0.002871735,0.7457976,0.0960614
/home/jecroisp/Thesis/processed_data/TestingData/downLoadedGifs/R6gvnAxj2ISzJdbA63.gif,Neutral,0.8812584,0.010534827,0.016038304,0.08493864,0.0042044227,0.8812584,0.0030253688
/home/jecroisp/Thesis/processed_data/TestingData/downLoadedGifs/13ea4eXuOuQsmY.gif,Neutral,0.942084,0.015453654,0.02408958,0.003706131,0.0032866676,0.942084,0.011379877
/home/jecroisp/Thesis/processed_data/TestingData/downLoadedGifs/rHR8qP1mC5V3G.gif,Neutral,0.68252647,0.002202027,0.018717725,0.17452392,0.008897108,0.68252647,0.113132775
/home/jecroisp/Thesis/processed_data/TestingData/downLoadedGifs/KJXClfNiq0vCM.gif,Neutral,0.79102945,0.007715116,0.07074528,0.011419026,0.09044673,0.79102945,0.028644433
/home/jecroisp/Thesis/processed_data/TestingData/downLoadedGifs/T08JhumnpKAI8.gif,Neutral,0.43481624,0.003684762,0.0075821937,0.16430898,0.0046963734,0.43481624,0.3849114
/home/jecroisp/Thesis/processed_data/TestingData/downLoadedGifs/9J8gnvAxmDFbG.gif,Disgust,0.48013365,0.009360909,0.48013365,0.0698108,0.0042354697,0.3635032,0.07295598
/home/jecroisp/Thesis/processed_data/TestingData/downLoadedGifs/d2qJhxeaaWXPG.gif,Neutral,0.8256109,0.0022152471,0.019746162,0.036038768,0.0158381,0.8256109,0.10055084
/home/jecroisp/Thesis/processed_data/TestingData/downLoadedGifs/iYi1Ni72bS12.gif,Disgust,0.8910851,0.05151387,0.8910851,0.0041042636,0.0040562404,0.04806271,0.0011778672
/home/jecroisp/Thesis/processed_data/TestingData/downLoadedGifs/TUCGmddm9Kbny.gif,Neutral,0.80293936,0.008386856,0.10203736,0.011566219,0.0016551696,0.80293936,0.07341493
/home/jecroisp/Thesis/processed_data/TestingData/downLoadedGifs/xsF1FSDbjguis.gif,Happiness,0.5707472,0.044652354,0.07136063,0.10854003,0.5707472,0.20265931,0.0020404682
/home/jecroisp/Thesis/processed_data/TestingData/downLoadedGifs/2t9sDPrlvFpdK.gif,Neutral,0.55531216,0.31529903,0.102236085,0.0047868206,0.021430206,0.55531216,0.00093573314
/home/jecroisp/Thesis/processed_data/TestingData/downLoadedGifs/8ef68WfQPpwVa.gif,Anger,0.6475587,0.6475587,0.23457375,0.024346147,0.021680014,0.07060172,0.0012396965
/home/jecroisp/Thesis/processed_data/TestingData/downLoadedGifs/13aSSyJaI5NkTm.gif,Happiness,0.5379248,0.0029138222,0.020263705,0.1166993,0.5379248,0.32122573,0.00097256474
/home/jecroisp/Thesis/processed_data/TestingData/downLoadedGifs/phajKPhwNxHr2.gif,Neutral,0.82271624,0.0024115166,0.0066213794,0.016718268,0.0046118363,0.82271624,0.14692082
/home/jecroisp/Thesis/processed_data/TestingData/downLoadedGifs/Us9Ibqg4H0mTC.gif,Fear,0.5256284,0.005666158,0.0063722953,0.5256284,0.086917706,0.37507656,0.00033888587
/home/jecroisp/Thesis/processed_data/TestingData/downLoadedGifs/RfEbMBTPQ7MOY.gif,Neutral,0.63412976,0.18889317,0.07301829,0.084568605,0.0019477779,0.63412976,0.017442435
/home/jecroisp/Thesis/processed_data/TestingData/downLoadedGifs/Il1dji926Y7qo.gif,Disgust,0.52765465,0.011737366,0.52765465,0.014091065,0.012954489,0.42694542,0.006617035
/home/jecroisp/Thesis/processed_data/TestingData/downLoadedGifs/Yb3d5B1zwuhCo.gif,Neutral,0.77432483,0.0095753055,0.045825683,0.0060521415,0.15565819,0.77432483,0.008563743
/home/jecroisp/Thesis/processed_data/TestingData/downLoadedGifs/TejmLnMKgnmPInMQjV.gif,Neutral,0.75393295,0.0054685054,0.12828095,0.040975302,0.006533497,0.75393295,0.064808756
/home/jecroisp/Thesis/processed_data/TestingData/downLoadedGifs/zhJ55GsXRajxm.gif,Neutral,0.47321424,0.010050208,0.008747386,0.3292783,0.030259335,0.47321424,0.14845052
/home/jecroisp/Thesis/processed_data/TestingData/downLoadedGifs/qr0FOwPgUk3Cw.gif,Neutral,0.9121152,0.044587895,0.0018294839,0.012840224,0.000685346,0.9121152,0.027941843
/home/jecroisp/Thesis/processed_data/TestingData/downLoadedGifs/4FrEtm7JKksKc.gif,Neutral,0.53265095,0.029014958,0.35103324,0.018669795,0.006096591,0.53265095,0.06253444
/home/jecroisp/Thesis/processed_data/TestingData/downLoadedGifs/cd87BccyY3Ecg.gif,Disgust,0.7100593,0.03613061,0.7100593,0.0695418,0.0054374263,0.15675083,0.022080002
/home/jecroisp/Thesis/processed_data/TestingData/downLoadedGifs/39fj7g99qyD72.gif,Disgust,0.39443958,0.03652516,0.39443958,0.07657331,0.008982426,0.36204243,0.1214371
/home/jecroisp/Thesis/processed_data/TestingData/downLoadedGifs/5ZUpMAtxpo0NO.gif,Neutral,0.8460223,0.0053631733,0.035913166,0.013019213,0.0045096446,0.8460223,0.09517247
/home/jecroisp/Thesis/processed_data/TestingData/downLoadedGifs/5fOiRnJOUnTMY.gif,Disgust,0.57161975,0.007417969,0.57161975,0.0057735094,0.0017626731,0.41069883,0.0027272466
/home/jecroisp/Thesis/processed_data/TestingData/downLoadedGifs/c8RrC4dCLScNO.gif,Anger,0.3620745,0.3620745,0.11509229,0.31029084,0.034749515,0.16413546,0.013657323
/home/jecroisp/Thesis/processed_data/TestingData/downLoadedGifs/lKZEeXJGhU1d6.gif,Neutral,0.32640743,0.29278523,0.2577982,0.1089512,0.012579303,0.32640743,0.001478699
/home/jecroisp/Thesis/processed_data/TestingData/downLoadedGifs/qvhtVUPpZQgAU.gif,Neutral,0.8778923,0.022628225,0.045995396,0.0025841177,0.04159942,0.8778923,0.009300536
/home/jecroisp/Thesis/processed_data/TestingData/downLoadedGifs/oVL1n7Yxs538c.gif,Neutral,0.78237903,0.005583578,0.13066632,0.03385166,0.027557114,0.78237903,0.019962264
/home/jecroisp/Thesis/processed_data/TestingData/downLoadedGifs/knVLsGuizHcMo.gif,Fear,0.42466068,0.013652916,0.2634651,0.42466068,0.010575634,0.21181402,0.07583158
/home/jecroisp/Thesis/processed_data/TestingData/downLoadedGifs/vIwN3gm2oGrpm.gif,Neutral,0.9051289,0.001406678,0.008146626,0.028103372,0.04125323,0.9051289,0.015961178
/home/jecroisp/Thesis/processed_data/TestingData/downLoadedGifs/dhCx7EyeGYD7O.gif,Neutral,0.8827225,0.0019805108,0.094469815,0.002590926,0.017244752,0.8827225,0.0009914645
/home/jecroisp/Thesis/processed_data/TestingData/downLoadedGifs/keaxYUhihiYPS.gif,Neutral,0.41434512,0.0022445482,0.01156555,0.15778112,0.064333454,0.41434512,0.3497302
/home/jecroisp/Thesis/processed_data/TestingData/downLoadedGifs/bPdI2MXEbnDUs.gif,Neutral,0.9584838,0.0033013867,0.009822289,0.0011844406,0.0019893274,0.9584838,0.025218733
/home/jecroisp/Thesis/processed_data/TestingData/downLoadedGifs/gbDsm8Hn7aIuc.gif,Neutral,0.8919938,0.0017169331,0.0008297776,0.020468798,0.00066278724,0.8919938,0.084327914
/home/jecroisp/Thesis/processed_data/TestingData/downLoadedGifs/XDGcdXhDrofJe.gif,Neutral,0.86305517,0.001592878,0.094549045,0.0030915784,0.033944458,0.86305517,0.0037669565
/home/jecroisp/Thesis/processed_data/TestingData/downLoadedGifs/bC54CmvT2XC9i.gif,Neutral,0.6273911,0.0045422167,0.0012927403,0.34655264,0.000721283,0.6273911,0.019500023
/home/jecroisp/Thesis/processed_data/TestingData/downLoadedGifs/13kZCZHYwlpues.gif,Neutral,0.9244823,0.0006191341,0.025029978,0.021737278,0.0012724422,0.9244823,0.02685886
/home/jecroisp/Thesis/processed_data/TestingData/downLoadedGifs/IXm7jqCjf1G9y.gif,Fear,0.46795797,0.34756264,0.06151338,0.46795797,0.007725438,0.08940477,0.025835823
/home/jecroisp/Thesis/processed_data/TestingData/downLoadedGifs/9YtQ1PRAsCpUY.gif,Neutral,0.96957785,0.00051376777,0.00083596975,0.008603674,0.0016560444,0.96957785,0.018812725
/home/jecroisp/Thesis/processed_data/TestingData/downLoadedGifs/p092OM3vVCXII.gif,Neutral,0.57956403,0.021291517,0.072956175,0.02189945,0.30403197,0.57956403,0.00025682838
/home/jecroisp/Thesis/processed_data/TestingData/downLoadedGifs/tEsPVINETtZpS.gif,Neutral,0.50129664,0.0064758556,0.15652084,0.025346754,0.29750636,0.50129664,0.012853586
/home/jecroisp/Thesis/processed_data/TestingData/downLoadedGifs/c5av6uHZRy0vu.gif,Neutral,0.60479826,0.021889402,0.0027373938,0.25778612,0.029313302,0.60479826,0.08347552
/home/jecroisp/Thesis/processed_data/TestingData/downLoadedGifs/12t9qSvUj3cdbO.gif,Neutral,0.9677913,0.009934624,0.0031291628,0.00861729,0.009665027,0.9677913,0.0008626389
/home/jecroisp/Thesis/processed_data/TestingData/downLoadedGifs/zzoDrOX7SVRE4.gif,Anger,0.35721463,0.35721463,0.34135443,0.0034141238,0.019531809,0.27758145,0.0009035469
/home/jecroisp/Thesis/processed_data/TestingData/downLoadedGifs/qyxyGxszt6LXW.gif,Neutral,0.83977145,0.020300504,0.03019105,0.053959027,0.0019251736,0.83977145,0.05385283
/home/jecroisp/Thesis/processed_data/TestingData/downLoadedGifs/101DNxoBTatF16.gif,Neutral,0.8323743,0.0052812034,0.0046171094,0.016301725,0.005181383,0.8323743,0.13624424
/home/jecroisp/Thesis/processed_data/TestingData/downLoadedGifs/3o7rc0qU6m5hneMsuc.gif,Neutral,0.6570686,0.071298525,0.13492951,0.008192947,0.05953082,0.6570686,0.068979606
/home/jecroisp/Thesis/processed_data/TestingData/downLoadedGifs/dFf0MERFSuocE.gif,Anger,0.3729956,0.3729956,0.054411322,0.23569457,0.010012674,0.15399526,0.17289048
/home/jecroisp/Thesis/processed_data/TestingData/downLoadedGifs/p55iGp1XppSv4WiV2y.gif,Neutral,0.96219957,0.012615193,0.007740945,0.004599345,0.0057816794,0.96219957,0.007063273
/home/jecroisp/Thesis/processed_data/TestingData/downLoadedGifs/OgbPFB5AE3jW.gif,Fear,0.8573144,0.009779518,0.029579863,0.8573144,0.00071566255,0.0746202,0.027990412
/home/jecroisp/Thesis/processed_data/TestingData/downLoadedGifs/1427cjQy7kiBS8.gif,Disgust,0.71434706,0.020869631,0.71434706,0.002330188,0.012213771,0.25000042,0.0002389512
/home/jecroisp/Thesis/processed_data/TestingData/downLoadedGifs/GGthjnMpLXu4o.gif,Neutral,0.6808712,0.020612005,0.13981211,0.06326006,0.0010926015,0.6808712,0.09435206
/home/jecroisp/Thesis/processed_data/TestingData/downLoadedGifs/kNTAHtqCfu6nm.gif,Disgust,0.41968885,0.06288705,0.41968885,0.24981679,0.012481252,0.23938894,0.015737131
/home/jecroisp/Thesis/processed_data/TestingData/downLoadedGifs/OiNW0PypI1RaE.gif,Neutral,0.9377783,0.0023630464,0.0006137128,0.03544595,0.00909339,0.9377783,0.01470559
/home/jecroisp/Thesis/processed_data/TestingData/downLoadedGifs/9aZ3Snou3bdlu.gif,Happiness,0.8029384,0.0038228328,0.00049755565,0.0016924387,0.8029384,0.19075856,0.00029022494
/home/jecroisp/Thesis/processed_data/TestingData/downLoadedGifs/12PIT4DOj6Tgek.gif,Disgust,0.79678303,0.008544488,0.79678303,0.009339154,0.0019813627,0.1808851,0.0024669159
/home/jecroisp/Thesis/processed_data/TestingData/downLoadedGifs/61nocPZboqCGI.gif,Neutral,0.852333,0.0027252072,0.009034891,0.0084367255,0.00053491903,0.852333,0.12693523
/home/jecroisp/Thesis/processed_data/TestingData/downLoadedGifs/yoJC2BlMMydcdBvgze.gif,Neutral,0.41729358,0.044202104,0.018278643,0.24834485,0.0017159516,0.41729358,0.27016488
/home/jecroisp/Thesis/processed_data/TestingData/downLoadedGifs/w8t89p4VBJytG.gif,Neutral,0.77919024,0.038603082,0.039429694,0.045987166,0.05308256,0.77919024,0.043707274
/home/jecroisp/Thesis/processed_data/TestingData/downLoadedGifs/7X1DWR8wFWzxS.gif,Neutral,0.56630826,0.0010171015,0.14522545,0.18802305,0.053361665,0.56630826,0.046064407
/home/jecroisp/Thesis/processed_data/TestingData/downLoadedGifs/OUoK5YGI8oKmQ.gif,Neutral,0.977267,0.0050016693,0.0016033046,0.015340429,0.00018820721,0.977267,0.0005994192
/home/jecroisp/Thesis/processed_data/TestingData/downLoadedGifs/AUGqun7QALo0o.gif,Anger,0.29147187,0.29147187,0.13311885,0.025112597,0.14518431,0.20357437,0.20153795
/home/jecroisp/Thesis/processed_data/TestingData/downLoadedGifs/13WVgB4UR7hK.gif,Neutral,0.78186005,0.100824654,0.09105038,0.0073753437,0.018352233,0.78186005,0.0005373337
/home/jecroisp/Thesis/processed_data/TestingData/downLoadedGifs/hDFyKdd2XBqU.gif,Happiness,0.4438292,0.003527517,0.0073846737,0.1194289,0.4438292,0.40045094,0.025378766
/home/jecroisp/Thesis/processed_data/TestingData/downLoadedGifs/7mFmPxctsL6YU.gif,Neutral,0.6403689,0.0031617978,0.0019963111,0.090090655,0.0008583186,0.6403689,0.2635241
/home/jecroisp/Thesis/processed_data/TestingData/downLoadedGifs/2YQr5RmVZMj6g.gif,Neutral,0.5560732,0.00303771,0.004485657,0.033045642,0.39827645,0.5560732,0.005081388
/home/jecroisp/Thesis/processed_data/TestingData/downLoadedGifs/U3BWiPeOtxT2w.gif,Happiness,0.5360955,0.056218408,0.003700168,0.058572017,0.5360955,0.34334373,0.0020701995
/home/jecroisp/Thesis/processed_data/TestingData/downLoadedGifs/ubKUtThRLlly8.gif,Neutral,0.901221,0.007856975,0.06367636,0.0050090323,0.0024873626,0.901221,0.019749323
/home/jecroisp/Thesis/processed_data/TestingData/downLoadedGifs/jN0ygssTH2hoI.gif,Disgust,0.43961266,0.0022229077,0.43961266,0.013154417,0.0059930976,0.31090006,0.22811688
/home/jecroisp/Thesis/processed_data/TestingData/downLoadedGifs/l3vR94yj2b1nTDw1G.gif,Neutral,0.8406581,0.0013793972,0.020107795,0.007393383,0.12904988,0.8406581,0.001411463
/home/jecroisp/Thesis/processed_data/TestingData/downLoadedGifs/mCxZH1Bi9o2aY.gif,Anger,0.38731372,0.38731372,0.038921442,0.11448315,0.019769592,0.30647963,0.13303241
/home/jecroisp/Thesis/processed_data/TestingData/downLoadedGifs/VgeGEVTdwzZao.gif,Neutral,0.85872424,0.0063877674,0.0013427845,0.05712629,0.0011235038,0.85872424,0.07529541
/home/jecroisp/Thesis/processed_data/TestingData/downLoadedGifs/dDoW9Cl6dImMo.gif,Neutral,0.90629584,0.0014863701,0.0055768453,0.05759852,0.0021718948,0.90629584,0.026870437
/home/jecroisp/Thesis/processed_data/TestingData/downLoadedGifs/10tQozotSMgnja.gif,Neutral,0.62358266,0.021650504,0.0044024903,0.26355132,0.0012066644,0.62358266,0.08560629
/home/jecroisp/Thesis/processed_data/TestingData/downLoadedGifs/WXHr5GaFi116g.gif,Neutral,0.9547127,0.00929236,0.006146375,0.015684389,0.0060792067,0.9547127,0.008084982
/home/jecroisp/Thesis/processed_data/TestingData/downLoadedGifs/OUPyCjSwnMMlW.gif,Neutral,0.9579932,0.02673939,0.0020924234,0.0028705637,0.005427923,0.9579932,0.004876422
/home/jecroisp/Thesis/processed_data/TestingData/downLoadedGifs/inVTEIKYPeqR2.gif,Fear,0.9113841,0.021424003,0.001544712,0.9113841,0.0015904243,0.045908477,0.01814834
/home/jecroisp/Thesis/processed_data/TestingData/downLoadedGifs/FmTesyMORvD9u.gif,Neutral,0.972451,0.010350871,0.00051271153,0.013759646,0.0027900045,0.972451,0.00013590317
/home/jecroisp/Thesis/processed_data/TestingData/downLoadedGifs/4v9ZLihPewmNa.gif,Neutral,0.9697398,0.0012090437,0.000897011,0.00717858,0.0155129945,0.9697398,0.0054625687
/home/jecroisp/Thesis/processed_data/TestingData/downLoadedGifs/icuYWSF0OqvRu.gif,Neutral,0.68901336,0.0038496782,0.0053441064,0.17285429,0.01913678,0.68901336,0.10980175
/home/jecroisp/Thesis/processed_data/TestingData/downLoadedGifs/W8rUusbnN4FmU.gif,Neutral,0.4524852,0.08640478,0.03870023,0.18957241,0.0020259214,0.4524852,0.23081139
/home/jecroisp/Thesis/processed_data/TestingData/downLoadedGifs/5LACPAu24G37i.gif,Neutral,0.69755965,0.008884971,0.009582476,0.043359913,0.15286647,0.69755965,0.08774655
/home/jecroisp/Thesis/processed_data/TestingData/downLoadedGifs/YPEpEDDFs7sEU.gif,Neutral,0.93487185,0.03822389,0.00077634194,0.017509572,0.0035249323,0.93487185,0.0050934707
/home/jecroisp/Thesis/processed_data/TestingData/downLoadedGifs/ebMqYaUqR3hrW.gif,Neutral,0.73499554,0.046851017,0.016979292,0.0681146,0.012974957,0.73499554,0.120084524
/home/jecroisp/Thesis/processed_data/TestingData/downLoadedGifs/oPmxYvyUGO6bK.gif,Neutral,0.41874257,0.40227693,0.0050505875,0.116486624,0.056343783,0.41874257,0.0010994925
/home/jecroisp/Thesis/processed_data/TestingData/downLoadedGifs/x609PysrX0lCE.gif,Neutral,0.4825117,0.39319348,0.084048815,0.018362487,0.016004968,0.4825117,0.0058785155
/home/jecroisp/Thesis/processed_data/TestingData/downLoadedGifs/6LxGaLrEdGNHi.gif,Neutral,0.8746402,0.0056675873,0.056796327,0.02915074,0.014258596,0.8746402,0.019486548
/home/jecroisp/Thesis/processed_data/TestingData/downLoadedGifs/10Sjw8diQ5BJrq.gif,Neutral,0.9034534,0.020191249,0.010276502,0.028390227,0.0028018018,0.9034534,0.0348868
/home/jecroisp/Thesis/processed_data/TestingData/downLoadedGifs/KZocN3LfuqktW.gif,Fear,0.3491337,0.027132772,0.058158547,0.3491337,0.10921811,0.332154,0.124202855
/home/jecroisp/Thesis/processed_data/TestingData/downLoadedGifs/OEl7x4fTPczEk.gif,Neutral,0.78993833,0.019957218,0.094539,0.00416096,0.08203539,0.78993833,0.009369055
/home/jecroisp/Thesis/processed_data/TestingData/downLoadedGifs/HuRbUuSt2XXEY.gif,Neutral,0.9410389,0.0018638124,0.008330886,0.01417475,0.0083085755,0.9410389,0.026283123
/home/jecroisp/Thesis/processed_data/TestingData/downLoadedGifs/uI8kvj4paUiLm.gif,Neutral,0.7474671,0.00439231,0.03483117,0.055597614,0.021008333,0.7474671,0.13670343
/home/jecroisp/Thesis/processed_data/TestingData/downLoadedGifs/4UHVCPKYeWHYY.gif,Neutral,0.62353003,0.0054831984,0.012216848,0.27839744,0.011447606,0.62353003,0.06892488
/home/jecroisp/Thesis/processed_data/TestingData/downLoadedGifs/YDxzHaDMBsMW4.gif,Neutral,0.87055635,0.022568343,0.026339281,0.06223872,0.002298374,0.87055635,0.015998853
/home/jecroisp/Thesis/processed_data/TestingData/downLoadedGifs/5jD7vcS2tecxO.gif,Neutral,0.7867352,0.12446114,0.026116133,0.03995979,0.0054907096,0.7867352,0.017237028
/home/jecroisp/Thesis/processed_data/TestingData/downLoadedGifs/2OgXMTOzqRxZu.gif,Neutral,0.6220316,0.0010903765,0.000112794994,0.37435162,0.0020810745,0.6220316,0.0003325038
/home/jecroisp/Thesis/processed_data/TestingData/downLoadedGifs/qmlX8ClsVWwsU.gif,Neutral,0.7900201,0.027647536,0.04080792,0.00977257,0.10982745,0.7900201,0.021924414
/home/jecroisp/Thesis/processed_data/TestingData/downLoadedGifs/WbheD0Y54pBPW.gif,Neutral,0.93395674,0.0015235697,0.004604553,0.014653648,0.0020626443,0.93395674,0.043198872
/home/jecroisp/Thesis/processed_data/TestingData/downLoadedGifs/VRolEcq3Z4axa.gif,Neutral,0.60978156,0.04392748,0.3014753,0.012284339,0.031181995,0.60978156,0.0013493346
/home/jecroisp/Thesis/processed_data/TestingData/downLoadedGifs/Ivmf74DbIBFPa.gif,Neutral,0.9448881,0.0020319845,0.005622554,0.009482656,0.0029060696,0.9448881,0.035068538
/home/jecroisp/Thesis/processed_data/TestingData/downLoadedGifs/HIrYP4RI9DpLy.gif,Neutral,0.5386415,0.003173271,0.00356059,0.002609536,0.44979632,0.5386415,0.0022188174
/home/jecroisp/Thesis/processed_data/TestingData/downLoadedGifs/vMWq5dvuuiQmc.gif,Neutral,0.35186726,0.14482537,0.01599027,0.21274114,0.005050437,0.35186726,0.26952553
/home/jecroisp/Thesis/processed_data/TestingData/downLoadedGifs/JjUMxtqGYXaKc.gif,Fear,0.3978816,0.006472209,0.023249526,0.3978816,0.0034110893,0.2103244,0.35866117
/home/jecroisp/Thesis/processed_data/TestingData/downLoadedGifs/kznal07FJDUsw.gif,Anger,0.61127925,0.61127925,0.23642321,0.009133655,0.02316156,0.11730459,0.0026978515
/home/jecroisp/Thesis/processed_data/TestingData/downLoadedGifs/X753xqJRL15Pa.gif,Neutral,0.84803945,0.018956825,0.044721983,0.08111806,0.0010519183,0.84803945,0.006111782
/home/jecroisp/Thesis/processed_data/TestingData/downLoadedGifs/ci0uDcGQtBh0k.gif,Neutral,0.4014597,0.098028064,0.08780263,0.40131143,0.002725268,0.4014597,0.008672927
/home/jecroisp/Thesis/processed_data/TestingData/downLoadedGifs/ajQdLzFfWXEQw.gif,Neutral,0.7036329,0.049149618,0.0617339,0.16280381,0.021651523,0.7036329,0.0010283269
/home/jecroisp/Thesis/processed_data/TestingData/downLoadedGifs/GD8ypYfe6WnBu.gif,Neutral,0.9259307,0.02242346,0.022103803,0.002470743,0.0072150347,0.9259307,0.019856278
/home/jecroisp/Thesis/processed_data/TestingData/downLoadedGifs/79ZFYdMsStRYI.gif,Neutral,0.51545924,0.037533946,0.32031453,0.023900714,0.097563155,0.51545924,0.0052285097
/home/jecroisp/Thesis/processed_data/TestingData/downLoadedGifs/ZPHXO9RcU4Q2k.gif,Disgust,0.5219384,0.21233068,0.5219384,0.001541865,0.016642716,0.23635353,0.011192843
/home/jecroisp/Thesis/processed_data/TestingData/downLoadedGifs/aOIa4DvGN4M5q.gif,Neutral,0.7982855,0.074446574,0.0455953,0.022608545,0.0065616397,0.7982855,0.05250241
/home/jecroisp/Thesis/processed_data/TestingData/downLoadedGifs/EUoQnnYBXiR4Q.gif,Neutral,0.45290732,0.0456284,0.05690157,0.43808034,0.0057784156,0.45290732,0.00070392963
/home/jecroisp/Thesis/processed_data/TestingData/downLoadedGifs/wW0I7ayjRkTdK.gif,Disgust,0.7423652,0.0332269,0.7423652,0.0053194533,0.0023705158,0.21480285,0.001915182
/home/jecroisp/Thesis/processed_data/TestingData/downLoadedGifs/QynHhYJiwfoJO.gif,Neutral,0.5825618,0.008780333,0.029830247,0.23491025,0.029634513,0.5825618,0.114282824
/home/jecroisp/Thesis/processed_data/TestingData/downLoadedGifs/114YgIm9NL6EDe.gif,Neutral,0.7129572,0.087889954,0.16111697,0.022188364,0.0023519422,0.7129572,0.013495516
/home/jecroisp/Thesis/processed_data/TestingData/downLoadedGifs/THzS8cPZPwr5e.gif,Neutral,0.69674087,0.049756296,0.20325428,0.045131218,0.0030844912,0.69674087,0.0020328204
/home/jecroisp/Thesis/processed_data/TestingData/downLoadedGifs/11YjSCHL4v3tF6.gif,Neutral,0.71022135,0.0689298,0.1805564,0.03550211,0.00079278485,0.71022135,0.0039975448
/home/jecroisp/Thesis/processed_data/TestingData/downLoadedGifs/1252MBJs73oIdq.gif,Fear,0.71429795,0.007667132,0.08796717,0.71429795,0.0109303575,0.117774695,0.06136269
/home/jecroisp/Thesis/processed_data/TestingData/downLoadedGifs/30e7fUZYWFz1u.gif,Neutral,0.83408076,0.002462814,0.013781534,0.013977585,0.00021558921,0.83408076,0.13548173
/home/jecroisp/Thesis/processed_data/TestingData/downLoadedGifs/p71R5kxVjG8ww.gif,Fear,0.6752705,0.0010142212,0.0009870267,0.6752705,0.0030607367,0.31532383,0.0043436466
/home/jecroisp/Thesis/processed_data/TestingData/downLoadedGifs/nnngUm3dnQrrq.gif,Disgust,0.8038246,0.062342383,0.8038246,0.012240594,0.0015849603,0.116411835,0.0035956935
/home/jecroisp/Thesis/processed_data/TestingData/downLoadedGifs/qHBBYAh7BZVm.gif,Anger,0.56320757,0.56320757,0.09280409,0.021781346,0.0053555737,0.3134585,0.0033929194
/home/jecroisp/Thesis/processed_data/TestingData/downLoadedGifs/7MdjxhX0qxpfy.gif,Fear,0.52852744,0.015089331,0.0067992858,0.52852744,0.05745535,0.32249796,0.069630645
/home/jecroisp/Thesis/processed_data/TestingData/downLoadedGifs/12pCd2XbVGbFJe.gif,Neutral,0.50873405,0.0035379592,0.028164895,0.08874487,0.33174512,0.50873405,0.039073154
/home/jecroisp/Thesis/processed_data/TestingData/downLoadedGifs/aq6wETurhpbc4.gif,Disgust,0.56200814,0.006176691,0.56200814,0.002685796,0.0018310462,0.34448364,0.08281474
/home/jecroisp/Thesis/processed_data/TestingData/downLoadedGifs/nJZV6hKtNeSBO.gif,Neutral,0.98618156,0.00828538,0.0006923609,0.001755748,0.00047441287,0.98618156,0.0026105377
/home/jecroisp/Thesis/processed_data/TestingData/downLoadedGifs/MNgO6pOH5iNEI.gif,Neutral,0.7904859,0.011207615,0.047492813,0.1307132,0.0014790737,0.7904859,0.018621312
/home/jecroisp/Thesis/processed_data/TestingData/downLoadedGifs/d2ZaW7LrLwem8W0U.gif,Neutral,0.90789527,0.013046962,0.053748317,0.021873962,0.0016371338,0.90789527,0.0017984203
/home/jecroisp/Thesis/processed_data/TestingData/downLoadedGifs/Qw4X3Fnt8MzvrCxmBLG.gif,Neutral,0.7315772,0.0019880289,0.009663038,0.018624961,0.101722084,0.7315772,0.13642468
/home/jecroisp/Thesis/processed_data/TestingData/downLoadedGifs/2nwTda1ewYssE.gif,Happiness,0.77463114,0.028235689,0.017468499,0.010160271,0.77463114,0.16601548,0.0034888466
/home/jecroisp/Thesis/processed_data/TestingData/downLoadedGifs/Sz2wlGvaBBx7y.gif,Neutral,0.89183956,0.012274957,0.011908306,0.018886562,0.0038651673,0.89183956,0.061225504
/home/jecroisp/Thesis/processed_data/TestingData/downLoadedGifs/zHfx3GVlBIzEQ.gif,Neutral,0.853153,0.014093681,0.061752606,0.0073269918,0.020090923,0.853153,0.043582853
/home/jecroisp/Thesis/processed_data/TestingData/downLoadedGifs/100YmlniUkSv84.gif,Neutral,0.88333243,0.027791996,0.0019112257,0.010924617,0.0017545504,0.88333243,0.07428516
/home/jecroisp/Thesis/processed_data/TestingData/downLoadedGifs/13DNfRT4u3Q6aI.gif,Neutral,0.81480026,0.0021863475,0.011106166,0.06836415,0.079471864,0.81480026,0.024071211
/home/jecroisp/Thesis/processed_data/TestingData/downLoadedGifs/FDcj0q2ebEYww.gif,Happiness,0.5097293,0.0020511434,0.004812443,0.0021473393,0.5097293,0.4788051,0.0024546676
/home/jecroisp/Thesis/processed_data/TestingData/downLoadedGifs/125fwzrLF058AM.gif,Neutral,0.91852313,0.0011284787,0.018409958,0.0022982578,0.058608558,0.91852313,0.0010316409
/home/jecroisp/Thesis/processed_data/TestingData/downLoadedGifs/Lx4pmGXrGNGZq.gif,Neutral,0.8078547,0.0031824643,0.0077820686,0.12217564,0.004958971,0.8078547,0.054046243
/home/jecroisp/Thesis/processed_data/TestingData/downLoadedGifs/hPSMHzgHQeFuE.gif,Happiness,0.5967365,0.30685455,0.062054206,0.0014276142,0.5967365,0.032195188,0.00073193735
/home/jecroisp/Thesis/processed_data/TestingData/downLoadedGifs/aaoG2VSbUdUe4.gif,Neutral,0.67295104,0.045199826,0.12103075,0.14879908,0.0090856105,0.67295104,0.002933725
/home/jecroisp/Thesis/processed_data/TestingData/downLoadedGifs/lwdzpYxsi4iJi.gif,Anger,0.48739624,0.48739624,0.015937729,0.12596262,0.01909077,0.20893317,0.14267942
/home/jecroisp/Thesis/processed_data/TestingData/downLoadedGifs/zL1dS1DJDvg6Q.gif,Neutral,0.47212693,0.021121358,0.008645212,0.37853047,0.001991587,0.47212693,0.11758448
/home/jecroisp/Thesis/processed_data/TestingData/downLoadedGifs/ayuqM0h0QKXVS.gif,Neutral,0.7641108,0.0026809613,0.003139862,0.111456744,0.01951174,0.7641108,0.0990999
/home/jecroisp/Thesis/processed_data/TestingData/downLoadedGifs/l3iFkFhEGAme4.gif,Neutral,0.8626201,0.053352635,0.014354608,0.013429664,0.050657194,0.8626201,0.005585837
/home/jecroisp/Thesis/processed_data/TestingData/downLoadedGifs/105nDZSgnQHeEg.gif,Neutral,0.5167943,0.0047382526,0.0046501444,0.0013478403,0.46973845,0.5167943,0.002730982
/home/jecroisp/Thesis/processed_data/TestingData/downLoadedGifs/142a3ycYK7biCI.gif,Neutral,0.8208992,0.00094313186,0.013431057,0.12551464,0.0015237258,0.8208992,0.037688136
/home/jecroisp/Thesis/processed_data/TestingData/downLoadedGifs/11J6HQutnctcU8.gif,Neutral,0.7501334,0.1496329,0.083036624,0.0018660174,0.015146518,0.7501334,0.00018455822
/home/jecroisp/Thesis/processed_data/TestingData/downLoadedGifs/pLnxbpVosgjE4.gif,Neutral,0.9204744,0.0018049583,0.00097310933,0.06978688,0.0062796017,0.9204744,0.0006811449
/home/jecroisp/Thesis/processed_data/TestingData/downLoadedGifs/dtBjNKf61Wqqc.gif,Neutral,0.7245352,0.024329435,0.032481954,0.18849654,0.022257878,0.7245352,0.007898957
/home/jecroisp/Thesis/processed_data/TestingData/downLoadedGifs/eRppSyIp9brag.gif,Sadness,0.32491457,0.036887433,0.01536422,0.29699874,0.0032127989,0.32262218,0.32491457
/home/jecroisp/Thesis/processed_data/TestingData/downLoadedGifs/ELHalaD1wIaLS.gif,Neutral,0.39889902,0.041824017,0.08092904,0.18904534,0.0017931721,0.39889902,0.28750944
/home/jecroisp/Thesis/processed_data/TestingData/downLoadedGifs/xUBEykINuR8w8.gif,Neutral,0.89723366,0.0167189,0.06436293,0.0067427233,0.01266542,0.89723366,0.0022763084
/home/jecroisp/Thesis/processed_data/TestingData/downLoadedGifs/m2waAXhvLA0KI.gif,Neutral,0.90290153,0.00058300677,0.008164308,0.030002179,0.0493858,0.90290153,0.008963164
/home/jecroisp/Thesis/processed_data/TestingData/downLoadedGifs/ghunn7VEJjj32.gif,Neutral,0.51620585,0.32498977,0.1477947,0.006190867,0.0037500677,0.51620585,0.001068683
/home/jecroisp/Thesis/processed_data/TestingData/downLoadedGifs/vFa3GwYAAAZyM.gif,Neutral,0.79150707,0.0045566745,0.009625991,0.093127295,0.013308949,0.79150707,0.08787394
/home/jecroisp/Thesis/processed_data/TestingData/downLoadedGifs/bQC7ZxmQ3LdLO.gif,Neutral,0.9000715,0.031846073,0.038002994,0.017910987,0.008304921,0.9000715,0.0038636092
/home/jecroisp/Thesis/processed_data/TestingData/downLoadedGifs/sVhSmYghQt4A0.gif,Neutral,0.60917324,0.05601639,0.2879883,0.028451553,0.017359655,0.60917324,0.00101083
/home/jecroisp/Thesis/processed_data/TestingData/downLoadedGifs/10J0Gj2jWO9tKg.gif,Disgust,0.55841196,0.33072188,0.55841196,0.00782749,0.0053361794,0.09696994,0.00073259475
/home/jecroisp/Thesis/processed_data/TestingData/downLoadedGifs/BOgJCZ69lAuuQ.gif,Neutral,0.8597091,0.12205736,0.0051239366,0.008974201,0.0038027994,0.8597091,0.0003325655
/home/jecroisp/Thesis/processed_data/TestingData/downLoadedGifs/3oz8xIQbm340RYxX8c.gif,Fear,0.87967294,0.008701851,0.00086144457,0.87967294,0.00032756862,0.10546976,0.00496644
/home/jecroisp/Thesis/processed_data/TestingData/downLoadedGifs/BsZ8JyNQ1Ji9y.gif,Fear,0.48168954,0.0101030655,0.040375374,0.48168954,0.02501964,0.26485905,0.17795332
/home/jecroisp/Thesis/processed_data/TestingData/downLoadedGifs/j5ncTQKEIROne.gif,Neutral,0.53257793,0.031863075,0.36524516,0.048552826,0.002310413,0.53257793,0.019450575
/home/jecroisp/Thesis/processed_data/TestingData/downLoadedGifs/TU4IsbLjx9G2Q.gif,Neutral,0.58065355,0.0078201825,0.07630334,0.029689,0.29143348,0.58065355,0.014100379
/home/jecroisp/Thesis/processed_data/TestingData/downLoadedGifs/RH9UkgS6sKozm.gif,Neutral,0.96340895,0.0009819065,0.0017815462,0.011434781,0.022252228,0.96340895,0.00014049985
/home/jecroisp/Thesis/processed_data/TestingData/downLoadedGifs/xT1R9D5z2Xm1pok6Na.gif,Neutral,0.46183547,0.012929078,0.15616003,0.20827764,0.15770794,0.46183547,0.0030897304
/home/jecroisp/Thesis/processed_data/TestingData/downLoadedGifs/xo6QL3gjGMimA.gif,Neutral,0.89317876,0.007994096,0.011462661,0.021990119,0.064390115,0.89317876,0.0009842874
/home/jecroisp/Thesis/processed_data/TestingData/downLoadedGifs/aPN2C7ZONEwEe5PNXj.gif,Neutral,0.5937272,0.0015761134,0.007863368,0.012836767,0.37696064,0.5937272,0.007036008
/home/jecroisp/Thesis/processed_data/TestingData/downLoadedGifs/Nx2Lx1RmLadtC.gif,Neutral,0.8202007,0.00023635622,0.0040126964,0.09247641,0.0009347076,0.8202007,0.082139246
/home/jecroisp/Thesis/processed_data/TestingData/downLoadedGifs/JUh0yTz4h931K.gif,Neutral,0.82856137,0.0055617318,0.008233688,0.030093022,0.005017914,0.82856137,0.12253221
/home/jecroisp/Thesis/processed_data/TestingData/downLoadedGifs/dR4VPbfL9ejKg.gif,Neutral,0.5615458,0.018709227,0.0092154555,0.04667554,0.0023613712,0.5615458,0.36149266
/home/jecroisp/Thesis/processed_data/TestingData/downLoadedGifs/P9SmzhwWh6NWg.gif,Neutral,0.53164285,0.019381663,0.0078087286,0.019969793,0.00061871705,0.53164285,0.4205783
/home/jecroisp/Thesis/processed_data/TestingData/downLoadedGifs/dcYAV9k3EZPTG.gif,Neutral,0.92366266,0.0042287605,0.011515395,0.007877457,0.048810158,0.92366266,0.0039056216
/home/jecroisp/Thesis/processed_data/TestingData/downLoadedGifs/HLsevXffIdQqI.gif,Neutral,0.80688965,0.044636853,0.009561048,0.087392926,0.001992493,0.80688965,0.04952701
/home/jecroisp/Thesis/processed_data/TestingData/downLoadedGifs/IImnQWkEDwYzC.gif,Neutral,0.92737865,0.03407223,0.027846888,0.0010241475,0.0088545615,0.92737865,0.0008235146
/home/jecroisp/Thesis/processed_data/TestingData/downLoadedGifs/1Mng0gXC5Tpcs.gif,Fear,0.45760375,0.02013614,0.12270115,0.45760375,0.026250418,0.18262084,0.19068769
/home/jecroisp/Thesis/processed_data/TestingData/downLoadedGifs/bo5pJyxUr3R9C.gif,Fear,0.54555804,0.02938934,0.039992493,0.54555804,0.0044439505,0.378795,0.0018211795
/home/jecroisp/Thesis/processed_data/TestingData/downLoadedGifs/kVA5mbyY6Z6AU.gif,Neutral,0.73382616,0.17273124,0.08436123,0.006472087,0.0019675368,0.73382616,0.00064173253
/home/jecroisp/Thesis/processed_data/TestingData/downLoadedGifs/3o7abBAEIlO4kWucQ8.gif,Disgust,0.6266579,0.025904233,0.6266579,0.0067027756,0.016034575,0.2834888,0.04121175
/home/jecroisp/Thesis/processed_data/TestingData/downLoadedGifs/6U6sno5AkUsOQ.gif,Neutral,0.9555008,0.00791803,0.002441323,0.0036258937,0.02266001,0.9555008,0.007853838
/home/jecroisp/Thesis/processed_data/TestingData/downLoadedGifs/liUBWvASzqP0k.gif,Neutral,0.9451841,0.011999443,0.038923446,0.00028886434,0.0029596726,0.9451841,0.00064451335
/home/jecroisp/Thesis/processed_data/TestingData/downLoadedGifs/DliyTFVc86qgE.gif,Neutral,0.60548407,0.070249416,0.16878054,0.07166429,0.070119366,0.60548407,0.013702372
/home/jecroisp/Thesis/processed_data/TestingData/downLoadedGifs/d2Z7rMZnwEzolYQ0.gif,Neutral,0.9121894,0.014312654,0.004029732,0.025376936,0.00091153407,0.9121894,0.04317975
/home/jecroisp/Thesis/processed_data/TestingData/downLoadedGifs/Jr7YlhsCbwZDG.gif,Neutral,0.5727239,0.074265,0.2971292,0.008521541,0.03679238,0.5727239,0.010567991
/home/jecroisp/Thesis/processed_data/TestingData/downLoadedGifs/io3Y035fPzJKM.gif,Neutral,0.8980908,0.00533294,0.049198642,0.014415968,0.0022852619,0.8980908,0.030676486
/home/jecroisp/Thesis/processed_data/TestingData/downLoadedGifs/gZq7GstcdqVXi.gif,Neutral,0.56205994,0.26422158,0.0063910168,0.13105793,0.035685174,0.56205994,0.0005843236
/home/jecroisp/Thesis/processed_data/TestingData/downLoadedGifs/12bO6mIZRgRHKU.gif,Neutral,0.48781738,0.2112061,0.008961005,0.09647883,0.0019660548,0.48781738,0.19357063
/home/jecroisp/Thesis/processed_data/TestingData/downLoadedGifs/c35RMDO6luMaQ.gif,Neutral,0.7553463,0.12903859,0.081404306,0.023743417,0.0027700877,0.7553463,0.007697264
/home/jecroisp/Thesis/processed_data/TestingData/downLoadedGifs/jzW66XbRwIePK.gif,Disgust,0.62992585,0.16965586,0.62992585,0.0016739657,0.028269226,0.1638044,0.006670703
/home/jecroisp/Thesis/processed_data/TestingData/downLoadedGifs/3o85xzYIHuDl00se3K.gif,Neutral,0.4272426,0.031974375,0.08938116,0.043508913,0.03471339,0.4272426,0.3731796
/home/jecroisp/Thesis/processed_data/TestingData/downLoadedGifs/vzpy2NjOKdeyk.gif,Neutral,0.8321849,0.05636755,0.067782775,0.0075765555,0.035486497,0.8321849,0.00060176663
/home/jecroisp/Thesis/processed_data/TestingData/downLoadedGifs/44p9S3IjhXjdS.gif,Neutral,0.94096714,0.01187156,0.02731839,0.005194859,0.0058083083,0.94096714,0.008839682
/home/jecroisp/Thesis/processed_data/TestingData/downLoadedGifs/EWdsP9gHR9OFy.gif,Neutral,0.9028577,0.033712476,0.04906321,0.0036025401,0.005327094,0.9028577,0.005437018
/home/jecroisp/Thesis/processed_data/TestingData/downLoadedGifs/vhfXOHbsMSY8g.gif,Neutral,0.4061025,0.021867272,0.18021135,0.24211994,0.013000991,0.4061025,0.13669793
/home/jecroisp/Thesis/processed_data/TestingData/downLoadedGifs/hsAJkbDnO8avm.gif,Neutral,0.93569344,0.0037480101,0.0065816585,0.02757453,0.003001256,0.93569344,0.023401156
/home/jecroisp/Thesis/processed_data/TestingData/downLoadedGifs/z1cfTvIuE3bry.gif,Sadness,0.49588823,0.030415999,0.087056786,0.031978816,0.0047495207,0.34991062,0.49588823
/home/jecroisp/Thesis/processed_data/TestingData/downLoadedGifs/gsfQaYI6szUtO.gif,Disgust,0.6298832,0.016383082,0.6298832,0.0030120371,0.008405502,0.33980218,0.0025139078
/home/jecroisp/Thesis/processed_data/TestingData/downLoadedGifs/Xh1vgIUkJbPKo.gif,Neutral,0.9413575,0.024228795,0.006232243,0.012928275,0.005031487,0.9413575,0.0102217635
/home/jecroisp/Thesis/processed_data/TestingData/downLoadedGifs/omexlPoKyRKgM.gif,Neutral,0.82288694,0.0136863245,0.049652882,0.009576538,0.011757279,0.82288694,0.09244013
/home/jecroisp/Thesis/processed_data/TestingData/downLoadedGifs/QiLGO93p22Epy.gif,Neutral,0.9353574,0.024311868,0.0018685592,0.030174837,0.0041351034,0.9353574,0.004152278
/home/jecroisp/Thesis/processed_data/TestingData/downLoadedGifs/231jfAgZ9N8ac.gif,Disgust,0.5129955,0.00672126,0.5129955,0.004506858,0.006921659,0.4595162,0.009338538
/home/jecroisp/Thesis/processed_data/TestingData/downLoadedGifs/26FLgVAMUwiKY99M4.gif,Neutral,0.6729966,0.013133763,0.050512485,0.12155514,0.028462645,0.6729966,0.113339335
/home/jecroisp/Thesis/processed_data/TestingData/downLoadedGifs/BouHPD3zdVEek.gif,Neutral,0.89479667,0.015863106,0.030709237,0.016621418,0.01848405,0.89479667,0.023525419
/home/jecroisp/Thesis/processed_data/TestingData/downLoadedGifs/bxRPxJVOfCHNS.gif,Neutral,0.7764698,0.0034381782,0.12211477,0.029830324,0.056543656,0.7764698,0.011603255
/home/jecroisp/Thesis/processed_data/TestingData/downLoadedGifs/RFRFc3yjQGr04.gif,Neutral,0.48574728,0.015402266,0.07397741,0.15864019,0.20584808,0.48574728,0.06038478
/home/jecroisp/Thesis/processed_data/TestingData/downLoadedGifs/Z5KFinrsuLQVW.gif,Fear,0.58552724,0.039570004,0.0041743326,0.58552724,0.08134741,0.2765798,0.012801225
/home/jecroisp/Thesis/processed_data/TestingData/downLoadedGifs/FtBw4gIVV6fTO.gif,Happiness,0.6192528,0.0046730367,0.012361788,0.010587065,0.6192528,0.34855318,0.004572131
/home/jecroisp/Thesis/processed_data/TestingData/downLoadedGifs/ZLNJcUcndjB4s.gif,Disgust,0.43101195,0.017088734,0.43101195,0.049342826,0.051125087,0.19638267,0.25504866
/home/jecroisp/Thesis/processed_data/TestingData/downLoadedGifs/G4iTN6BzRaHyU.gif,Anger,0.40429738,0.40429738,0.045112625,0.17588706,0.009365559,0.22441293,0.1409244
/home/jecroisp/Thesis/processed_data/TestingData/downLoadedGifs/cytMOyTAI5EuDeerqV.gif,Neutral,0.8700344,0.0075270287,0.033839803,0.0075237346,0.052760214,0.8700344,0.02831479
/home/jecroisp/Thesis/processed_data/TestingData/downLoadedGifs/26tPeuI0VimunEKdO.gif,Neutral,0.7747584,0.002712921,0.18215156,0.031278756,0.008565985,0.7747584,0.00053241476
/home/jecroisp/Thesis/processed_data/TestingData/downLoadedGifs/1aM2NVojAU3GE.gif,Neutral,0.95937127,0.00066859106,0.0022334943,0.02023217,0.0014988603,0.95937127,0.015995696
/home/jecroisp/Thesis/processed_data/TestingData/downLoadedGifs/aHl1ghVQG1TdC.gif,Neutral,0.4969399,0.23863915,0.05536558,0.0054283114,0.20154446,0.4969399,0.0020825134
/home/jecroisp/Thesis/processed_data/TestingData/downLoadedGifs/A4Mw5ePRh25Z8oGpgR.gif,Disgust,0.57931286,0.021221792,0.57931286,0.0049298983,0.08041246,0.3081781,0.0059449477
/home/jecroisp/Thesis/processed_data/TestingData/downLoadedGifs/qNtZneOGquVxK.gif,Neutral,0.5837931,0.0066482406,0.20014963,0.103021145,0.006211429,0.5837931,0.100176394
/home/jecroisp/Thesis/processed_data/TestingData/downLoadedGifs/UNgNO6cLSYjte.gif,Neutral,0.8507307,0.019549767,0.08461707,0.008656896,0.031321585,0.8507307,0.0051240344
/home/jecroisp/Thesis/processed_data/TestingData/downLoadedGifs/Ch2CxqLmtKM6mjdguo.gif,Sadness,0.3178897,0.13345228,0.1446456,0.08191517,0.0052314894,0.31686577,0.3178897
/home/jecroisp/Thesis/processed_data/TestingData/downLoadedGifs/pVHFCtH0jYGUU.gif,Neutral,0.49846253,0.18282986,0.27736637,0.017014433,0.004176974,0.49846253,0.020149874
/home/jecroisp/Thesis/processed_data/TestingData/downLoadedGifs/giiywitgl7wMgY3GtO.gif,Neutral,0.9388889,0.0041127685,0.014728315,0.0037876195,0.0312974,0.9388889,0.0071849483
/home/jecroisp/Thesis/processed_data/TestingData/downLoadedGifs/yJd73I4hdUIGQ.gif,Neutral,0.954564,0.0040711556,0.013549039,0.0065911342,0.018103426,0.954564,0.0031212235
/home/jecroisp/Thesis/processed_data/TestingData/downLoadedGifs/vwTfxvuiHOi7C.gif,Sadness,0.32313696,0.17019123,0.048901524,0.26180097,0.008452432,0.1875169,0.32313696
/home/jecroisp/Thesis/processed_data/TestingData/downLoadedGifs/MWG1gTCynQJA4.gif,Neutral,0.97227895,0.0034382634,0.0013406173,0.0012724901,0.0006516982,0.97227895,0.021017944
/home/jecroisp/Thesis/processed_data/TestingData/downLoadedGifs/XCopjiQ1O29sA.gif,Sadness,0.65507424,0.0128533235,0.010249151,0.042396728,0.0029701197,0.2764565,0.65507424
/home/jecroisp/Thesis/processed_data/TestingData/downLoadedGifs/b6Rgr2ktXhCww.gif,Neutral,0.96387243,0.010682279,0.0052022734,0.014647981,0.003056212,0.96387243,0.0025387865
/home/jecroisp/Thesis/processed_data/TestingData/downLoadedGifs/OKttTanTR7bws.gif,Anger,0.61104447,0.61104447,0.17404579,0.09889624,0.019916417,0.08994483,0.006152276
/home/jecroisp/Thesis/processed_data/TestingData/downLoadedGifs/BYYlZ1gVn3iNy.gif,Neutral,0.9673006,0.0011422483,0.00060636265,0.0009923637,0.002648208,0.9673006,0.027310213
/home/jecroisp/Thesis/processed_data/TestingData/downLoadedGifs/TDWwXnAZbp0xW.gif,Neutral,0.76437485,0.0072342465,0.010024556,0.010422473,0.19604349,0.76437485,0.011900403
/home/jecroisp/Thesis/processed_data/TestingData/downLoadedGifs/14nf2BIr9HDUgE.gif,Neutral,0.96018136,0.0049160505,0.0024096335,0.008779509,0.0005494954,0.96018136,0.023164017
/home/jecroisp/Thesis/processed_data/TestingData/downLoadedGifs/ce66jG3Gcy1UY.gif,Neutral,0.9304685,0.016231202,0.008979233,0.008856266,0.031771164,0.9304685,0.0036936933
/home/jecroisp/Thesis/processed_data/TestingData/downLoadedGifs/b3u8anVaWFQ9G.gif,Fear,0.77806485,0.03501969,0.003990022,0.77806485,0.0005572594,0.15878095,0.023587301
/home/jecroisp/Thesis/processed_data/TestingData/downLoadedGifs/W9MrmldYlFm5G.gif,Neutral,0.60408026,0.0021612209,0.011493164,0.13143225,0.0072528278,0.60408026,0.24358031
/home/jecroisp/Thesis/processed_data/TestingData/downLoadedGifs/TbZ9SAB5Wzgn6.gif,Neutral,0.95473987,0.004735177,0.0039460994,0.017263886,0.0062600975,0.95473987,0.013054876
/home/jecroisp/Thesis/processed_data/TestingData/downLoadedGifs/rsZXfWjafmRa0.gif,Neutral,0.4154611,0.0005746823,0.27557504,0.15062381,0.02784675,0.4154611,0.12991862
/home/jecroisp/Thesis/processed_data/TestingData/downLoadedGifs/8UG1edVCQECic.gif,Sadness,0.7783752,0.00064638554,0.0049716667,0.023078632,0.002734331,0.19019376,0.7783752
/home/jecroisp/Thesis/processed_data/TestingData/downLoadedGifs/l3vR5FWuzjnZnfsoE.gif,Neutral,0.6510885,0.020412762,0.107446015,0.15923868,0.003203124,0.6510885,0.05861093
/home/jecroisp/Thesis/processed_data/TestingData/downLoadedGifs/10v3lkyiqrIJ7a.gif,Neutral,0.8535283,0.00046149263,0.055937547,0.037675742,0.01173442,0.8535283,0.040662356
/home/jecroisp/Thesis/processed_data/TestingData/downLoadedGifs/pnN02f7FZ9psI.gif,Neutral,0.8841509,0.0026864202,0.0010821933,0.07992655,0.012448701,0.8841509,0.019705232
/home/jecroisp/Thesis/processed_data/TestingData/downLoadedGifs/zQm0rSOmXcDm0.gif,Neutral,0.65482646,0.02112655,0.27843893,0.027445331,0.009552047,0.65482646,0.008610733
/home/jecroisp/Thesis/processed_data/TestingData/downLoadedGifs/uJESlGbxDPscM.gif,Fear,0.6053109,0.11091493,0.0039049357,0.6053109,0.0021348444,0.2736648,0.004069587
/home/jecroisp/Thesis/processed_data/TestingData/downLoadedGifs/uP3gruWhesAKxiA00v.gif,Disgust,0.39477867,0.030169634,0.39477867,0.16319835,0.020624656,0.3024762,0.08875247
/home/jecroisp/Thesis/processed_data/TestingData/downLoadedGifs/a9qNCd2zeCMwM.gif,Neutral,0.63704884,0.00429814,0.055104554,0.013205415,0.0028242029,0.63704884,0.28751877
/home/jecroisp/Thesis/processed_data/TestingData/downLoadedGifs/3o6Ztgta1v4i7pOy3u.gif,Neutral,0.5757009,0.0012314451,0.006047254,0.19128203,0.0073742787,0.5757009,0.21836406
/home/jecroisp/Thesis/processed_data/TestingData/downLoadedGifs/3ornk7nts29Am5LIfm.gif,Anger,0.48131505,0.48131505,0.11353235,0.006933587,0.05713881,0.3397705,0.0013097443
/home/jecroisp/Thesis/processed_data/TestingData/downLoadedGifs/lTneijCUBou4.gif,Neutral,0.9342569,0.00085776264,0.0030294815,0.0007791223,0.060310975,0.9342569,0.0007656702
/home/jecroisp/Thesis/processed_data/TestingData/downLoadedGifs/RV012Nn33GmwE.gif,Neutral,0.74076784,0.039652776,0.12620464,0.017139113,0.0013309852,0.74076784,0.0749047
/home/jecroisp/Thesis/processed_data/TestingData/downLoadedGifs/1cVsdnAKMmfny.gif,Neutral,0.5933619,0.13045886,0.08139251,0.090339445,0.006068138,0.5933619,0.09837911
/home/jecroisp/Thesis/processed_data/TestingData/downLoadedGifs/SKhNHgpJzthII.gif,Neutral,0.6656443,0.038337417,0.08314533,0.05086268,0.11966174,0.6656443,0.04234853
/home/jecroisp/Thesis/processed_data/TestingData/downLoadedGifs/kCb3Wq8ZOq4WQ.gif,Happiness,0.45905146,0.15281826,0.12367571,0.04568003,0.45905146,0.21664625,0.002128249
/home/jecroisp/Thesis/processed_data/TestingData/downLoadedGifs/wIkSRfA6qYy1oAimB5.gif,Neutral,0.53947824,0.124538004,0.2831094,0.026902735,0.014122927,0.53947824,0.011848673
/home/jecroisp/Thesis/processed_data/TestingData/downLoadedGifs/HqHX4xRIjle48.gif,Neutral,0.79885143,0.014233245,0.096326336,0.012894455,0.008143176,0.79885143,0.06955135
/home/jecroisp/Thesis/processed_data/TestingData/downLoadedGifs/dIM73dIp74msM.gif,Disgust,0.7950239,0.07670327,0.7950239,0.0019542316,0.013775579,0.11234037,0.0002026292
/home/jecroisp/Thesis/processed_data/TestingData/downLoadedGifs/108UOkkYPawnPa.gif,Sadness,0.6440131,0.004442497,0.037200253,0.029624693,0.001045138,0.28367433,0.6440131
/home/jecroisp/Thesis/processed_data/TestingData/downLoadedGifs/EYQlopLILSA1O.gif,Neutral,0.99137527,0.0017021794,0.00016978319,0.002998924,0.00014177072,0.99137527,0.0036120245
/home/jecroisp/Thesis/processed_data/TestingData/downLoadedGifs/13YILELIsmsRnq.gif,Neutral,0.62445325,0.0015347584,0.00753081,0.07563624,0.0042993454,0.62445325,0.28654566
/home/jecroisp/Thesis/processed_data/TestingData/downLoadedGifs/10qknPq1zzwlLW.gif,Anger,0.4157698,0.4157698,0.16605464,0.003972992,0.043804284,0.3690711,0.0013272138
/home/jecroisp/Thesis/processed_data/TestingData/downLoadedGifs/au879GHBMcvw4.gif,Neutral,0.9551932,0.0336317,0.005149312,0.0033390506,0.0005088124,0.9551932,0.0021778701
/home/jecroisp/Thesis/processed_data/TestingData/downLoadedGifs/12IH6Dbg7xTvPO.gif,Neutral,0.81570023,0.03887618,0.10050496,0.012096473,0.01522603,0.81570023,0.017596181
/home/jecroisp/Thesis/processed_data/TestingData/downLoadedGifs/11RuG8n1SEkLqo.gif,Neutral,0.614356,0.2235367,0.14316222,0.0065620537,0.0019230453,0.614356,0.010459994
/home/jecroisp/Thesis/processed_data/TestingData/downLoadedGifs/6ZHUmnZdVQB9K.gif,Neutral,0.521798,0.28429204,0.07986859,0.0674726,0.0110949455,0.521798,0.035473883
/home/jecroisp/Thesis/processed_data/TestingData/downLoadedGifs/bhG5drYIb6RI4.gif,Neutral,0.9595171,0.004073775,0.0039363406,0.00879372,0.004531171,0.9595171,0.019147923
/home/jecroisp/Thesis/processed_data/TestingData/downLoadedGifs/aFsZYg7iN7Q7C.gif,Neutral,0.66222864,0.02606591,0.19254422,0.009600149,0.10847239,0.66222864,0.0010886535
/home/jecroisp/Thesis/processed_data/TestingData/downLoadedGifs/in9BMG2gESo5q.gif,Neutral,0.2855475,0.05867103,0.20116675,0.21664257,0.01126916,0.2855475,0.22670296
