GIF_ID,File_Name,Caption,Enhanced_Caption,GIF_Emotion,Confidence_Score
2XskdWPH2WxnxfMnZAI,/home/jecroisp/Thesis/processed_data/TestingData/downLoadedGifs/2XskdWPH2WxnxfMnZAI.gif,Happy Hour Drinking GIF,a woman in a dress sitting at a table,curiosity,0.1036173403263092
S5Pgd5fykea99hAm8r,/home/jecroisp/Thesis/processed_data/TestingData/downLoadedGifs/S5Pgd5fykea99hAm8r.gif,Michael J Fox Film GIF by BAFTA,a man in a suit and glasses is standing at a podium,excitement,0.0980830192565918
PJTQJPEoWvuKY,/home/jecroisp/Thesis/processed_data/TestingData/downLoadedGifs/PJTQJPEoWvuKY.gif,Cruel Intentions Parallels GIF,a woman in a dress standing in front of a crowd,excitement,0.11956462264060974
ysoK6qc1xpNxm,/home/jecroisp/Thesis/processed_data/TestingData/downLoadedGifs/ysoK6qc1xpNxm.gif,Scared Who Framed Roger Rabbit GIF,a cartoon character in a red dress and a white rabbit,amusement,0.2767292857170105
asLOZFUdcYsfK,/home/jecroisp/Thesis/processed_data/TestingData/downLoadedGifs/asLOZFUdcYsfK.gif,Howard The Duck 80S GIF,a white cat with a pink shirt,amusement,0.09447216987609863
1310XHyc6yC6ju,/home/jecroisp/Thesis/processed_data/TestingData/downLoadedGifs/1310XHyc6yC6ju.gif,Neverending Story Wink GIF,a stuffed animal laying on a floor,embarrassment,0.0851961225271225
k90nbKSCPUfra,/home/jecroisp/Thesis/processed_data/TestingData/downLoadedGifs/k90nbKSCPUfra.gif,classic west side story GIF,a woman in a purple dress,curiosity,0.12158757448196411
jPJz9s6VAqLLi,/home/jecroisp/Thesis/processed_data/TestingData/downLoadedGifs/jPJz9s6VAqLLi.gif,Happy Chris Farley GIF,a man in a life vest,realization,0.11628319323062897
qUrOyBLlXGwXS,/home/jecroisp/Thesis/processed_data/TestingData/downLoadedGifs/qUrOyBLlXGwXS.gif,Jennifer Lawrence Film GIF by Mic,a woman with long blonde hair and a white shirt,desire,0.1270742267370224
cuRKusHF9CfLK9ERCb,/home/jecroisp/Thesis/processed_data/TestingData/downLoadedGifs/cuRKusHF9CfLK9ERCb.gif,Tom Cruise Stunt GIF by Mission: Impossible,a man in a suit and sunglasses is holding a gun,anger,0.11439766734838486
olzqYUAaUowBa,/home/jecroisp/Thesis/processed_data/TestingData/downLoadedGifs/olzqYUAaUowBa.gif,Scared The Road To El Dorado GIF,the princess and the prince,caring,0.1002533957362175
FcLy8GpsFyUog,/home/jecroisp/Thesis/processed_data/TestingData/downLoadedGifs/FcLy8GpsFyUog.gif,Fred Astaire GIF by Maudit,a man in a suit is dancing in a living room,excitement,0.20847666263580322
j5QcmXoFWl4Q0,/home/jecroisp/Thesis/processed_data/TestingData/downLoadedGifs/j5QcmXoFWl4Q0.gif,Keanu Reeves Reaction GIF,a man with a smile,joy,0.18488703668117523
xTiTnB3a61IMwShHmE,/home/jecroisp/Thesis/processed_data/TestingData/downLoadedGifs/xTiTnB3a61IMwShHmE.gif,Oh No Omg GIF,a woman in a dress and gloves standing in a room,realization,0.0999944806098938
oXcOeuhsXlOSrSHMPw,/home/jecroisp/Thesis/processed_data/TestingData/downLoadedGifs/oXcOeuhsXlOSrSHMPw.gif,Aidy Bryant Hollywood GIF by Film Independent Spirit Awards,a woman in a black dress standing on a stage,curiosity,0.11115928739309311
GY5xMevFOGi1a,/home/jecroisp/Thesis/processed_data/TestingData/downLoadedGifs/GY5xMevFOGi1a.gif,Rudolph The Red Nosed Reindeer Christmas GIF,a man is standing in a room with a bunch of presents,surprise,0.14893163740634918
d8A7MUMOydhhC,/home/jecroisp/Thesis/processed_data/TestingData/downLoadedGifs/d8A7MUMOydhhC.gif,Elizabeth Taylor Congrats On Your Face Congrats One Everythin GIF by Maudit,a black and white photo of a woman,curiosity,0.12530642747879028
FvgJBCT7mKTKM,/home/jecroisp/Thesis/processed_data/TestingData/downLoadedGifs/FvgJBCT7mKTKM.gif,Angry Djimon Hounsou GIF,a man is walking down a hill,curiosity,0.08614154905080795
HFyDr6tKVe90Y,/home/jecroisp/Thesis/processed_data/TestingData/downLoadedGifs/HFyDr6tKVe90Y.gif,Ethan Embry Dancing GIF,a man in a red suit,realization,0.11039793491363525
9Cj0oZUR3VslO,/home/jecroisp/Thesis/processed_data/TestingData/downLoadedGifs/9Cj0oZUR3VslO.gif,Star Wars Episode 6 GIF,a woman with a hoodie and a man with a hoodie,confusion,0.12558752298355103
bl2FKRXQaFgf6,/home/jecroisp/Thesis/processed_data/TestingData/downLoadedGifs/bl2FKRXQaFgf6.gif,serious django unchained GIF,a man standing in a doorway with a candle,surprise,0.12312593311071396
jGtZbC0thruow,/home/jecroisp/Thesis/processed_data/TestingData/downLoadedGifs/jGtZbC0thruow.gif,King Kong Film GIF by hoppip,a man is flying over a city,excitement,0.1927628070116043
PpCyq0bsGhERO,/home/jecroisp/Thesis/processed_data/TestingData/downLoadedGifs/PpCyq0bsGhERO.gif,mean girls whatever GIF,a girl with a pink shirt and a pink shirt,desire,0.1030297800898552
Hi2zvNbyWsFaM,/home/jecroisp/Thesis/processed_data/TestingData/downLoadedGifs/Hi2zvNbyWsFaM.gif,Romeo And Juliet Crying GIF,a man in a floral shirt is sitting on a couch,curiosity,0.110127754509449
4Ra6jnDDOVdNS,/home/jecroisp/Thesis/processed_data/TestingData/downLoadedGifs/4Ra6jnDDOVdNS.gif,The Breakfast Club Smoking GIF,a woman sitting on a chair,realization,0.10582692176103592
x755LoyTt9dUk,/home/jecroisp/Thesis/processed_data/TestingData/downLoadedGifs/x755LoyTt9dUk.gif,Now Playing Movie Theater GIF by Film at Lincoln Center,a man standing in front of a building,realization,0.10328689217567444
13S1lWb5qheNBC,/home/jecroisp/Thesis/processed_data/TestingData/downLoadedGifs/13S1lWb5qheNBC.gif,Leonardo Dicaprio Dreaming GIF,a black object on a table,annoyance,0.09094223380088806
l0Ex3ijvSsICmvOLK,/home/jecroisp/Thesis/processed_data/TestingData/downLoadedGifs/l0Ex3ijvSsICmvOLK.gif,Jack Lemmon Film GIF by The Academy Awards,a man in a tuxed tuxed tuxed tuxed tuxed tuxed tuxed tuxed,realization,0.12204740196466446
nLD20OgpndiEw,/home/jecroisp/Thesis/processed_data/TestingData/downLoadedGifs/nLD20OgpndiEw.gif,Sunset Boulevard Smoking GIF,a black and white photo of a man in a suit,curiosity,0.14943447709083557
3uVDKeNFhgksU,/home/jecroisp/Thesis/processed_data/TestingData/downLoadedGifs/3uVDKeNFhgksU.gif,the royal tenenbaums thank you GIF,two young boys looking through a chain link fence,curiosity,0.12339014559984207
f8oqjTlp0PdMA,/home/jecroisp/Thesis/processed_data/TestingData/downLoadedGifs/f8oqjTlp0PdMA.gif,Arnold Schwarzenegger Shut Up GIF,a man in a suit and tie is talking,excitement,0.1146058589220047
rbmQ6CRJERE3K,/home/jecroisp/Thesis/processed_data/TestingData/downLoadedGifs/rbmQ6CRJERE3K.gif,The Fifth Element GIF,a woman with red hair,realization,0.09977670758962631
12KlG0o01FZNQs,/home/jecroisp/Thesis/processed_data/TestingData/downLoadedGifs/12KlG0o01FZNQs.gif,Sad Michael Fassbender GIF by The Good Films,a man standing in the rain,surprise,0.09793641418218613
3oKHW5HcygwWE8XgHK,/home/jecroisp/Thesis/processed_data/TestingData/downLoadedGifs/3oKHW5HcygwWE8XgHK.gif,the sandlot kiss GIF,a man with no shirt,disapproval,0.16137193143367767
WY3dCO9TlqwaQ,/home/jecroisp/Thesis/processed_data/TestingData/downLoadedGifs/WY3dCO9TlqwaQ.gif,Kerry Washington Films GIF,a woman with short hair and a white dress,curiosity,0.09550319612026215
u7uiWWbRFC2TC,/home/jecroisp/Thesis/processed_data/TestingData/downLoadedGifs/u7uiWWbRFC2TC.gif,Scarlett Johansson Movie GIF,a woman with a surprised expression,surprise,0.6195207834243774
HY2d8hQZMbMju,/home/jecroisp/Thesis/processed_data/TestingData/downLoadedGifs/HY2d8hQZMbMju.gif,debbie reynolds film GIF,a woman with blonde hair and a brown jacket,desire,0.12180573493242264
smGtEdVjeQysg,/home/jecroisp/Thesis/processed_data/TestingData/downLoadedGifs/smGtEdVjeQysg.gif,Back To The Future Nike GIF,a man sitting in a car,realization,0.09324474632740021
RYfRxW6qGOQN2,/home/jecroisp/Thesis/processed_data/TestingData/downLoadedGifs/RYfRxW6qGOQN2.gif,Disappointed Movie Theater GIF,a cartoon movie with a dog in the middle,amusement,0.47165077924728394
KjWWOh4lbhrva,/home/jecroisp/Thesis/processed_data/TestingData/downLoadedGifs/KjWWOh4lbhrva.gif,Aishwarya Rai Bollywood GIF,a woman in a red sari with a green leaf in her mouth,curiosity,0.07732607424259186
SNf8OSoSlDIm0yrYxy,/home/jecroisp/Thesis/processed_data/TestingData/downLoadedGifs/SNf8OSoSlDIm0yrYxy.gif,Joanna Hogg Film GIF,a woman sitting at a table,realization,0.11028855293989182
O11Sc36BqMyVG,/home/jecroisp/Thesis/processed_data/TestingData/downLoadedGifs/O11Sc36BqMyVG.gif,studio ghibli GIF,a woman in a white dress is walking down a street,confusion,0.11529317498207092
26tPtM8Arb1nyc1i0,/home/jecroisp/Thesis/processed_data/TestingData/downLoadedGifs/26tPtM8Arb1nyc1i0.gif,Macaulay Culkin Oops GIF by Home Alone,a man in a bathroom with a red lipstick on his face,embarrassment,0.14829277992248535
XADqhTKtqg06c,/home/jecroisp/Thesis/processed_data/TestingData/downLoadedGifs/XADqhTKtqg06c.gif,A Trip To The Moon Movie GIF by Tech Noir,a bottle of beer,relief,0.0934666246175766
26tPtM8Arb1nyc1i0,/home/jecroisp/Thesis/processed_data/TestingData/downLoadedGifs/26tPtM8Arb1nyc1i0.gif,Macaulay Culkin Oops GIF by Home Alone,a man in a bathroom with a red lipstick on his face,embarrassment,0.14829277992248535
aBcsaAYpBEtLW,/home/jecroisp/Thesis/processed_data/TestingData/downLoadedGifs/aBcsaAYpBEtLW.gif,Serious James Bond GIF,a man in a suit holding a gun,anger,0.12612459063529968
2lZOHXYYWQTtu,/home/jecroisp/Thesis/processed_data/TestingData/downLoadedGifs/2lZOHXYYWQTtu.gif,bored al pacino GIF,a man sitting in the grass,curiosity,0.08706024289131165
10KL1QSQNsyEZa,/home/jecroisp/Thesis/processed_data/TestingData/downLoadedGifs/10KL1QSQNsyEZa.gif,Paul Walker GIF by Furious 7,a man driving a car,realization,0.1354491263628006
MNCeuUJfRykxi,/home/jecroisp/Thesis/processed_data/TestingData/downLoadedGifs/MNCeuUJfRykxi.gif,Yelling The Mummy GIF,a man and woman standing in front of a wall,confusion,0.0889524593949318
A2W1Qq8pGpm3S,/home/jecroisp/Thesis/processed_data/TestingData/downLoadedGifs/A2W1Qq8pGpm3S.gif,Arnold Schwarzenegger Film GIF by Tech Noir,a man holding a knife in his hand,anger,0.195350781083107
G619lXOyFZb5S,/home/jecroisp/Thesis/processed_data/TestingData/downLoadedGifs/G619lXOyFZb5S.gif,Logan Lerman No GIF,a woman with long hair,realization,0.12469295412302017
kVRBvsiOyBM8o,/home/jecroisp/Thesis/processed_data/TestingData/downLoadedGifs/kVRBvsiOyBM8o.gif,Eddie Murphy Smile GIF,two men sitting at a table with a cake,curiosity,0.1016814187169075
CvGa6hlslCiXC3wf9r,/home/jecroisp/Thesis/processed_data/TestingData/downLoadedGifs/CvGa6hlslCiXC3wf9r.gif,Oprah Cinephile GIF by Golden Globes,a woman in a purple dress,curiosity,0.12158757448196411
qDhXlK4FnpSDK,/home/jecroisp/Thesis/processed_data/TestingData/downLoadedGifs/qDhXlK4FnpSDK.gif,White Chicks Burn GIF,the carries - - - - - - - - - - - - - - - - -,confusion,0.07488236576318741
kB2uyoigIXPMI,/home/jecroisp/Thesis/processed_data/TestingData/downLoadedGifs/kB2uyoigIXPMI.gif,star wars GIF,yo yo yo yo yo yo yo yo yo yo yo yo yo yo yo yo yo yo yo yo,excitement,0.17318083345890045
XJF0h4EHscwHm,/home/jecroisp/Thesis/processed_data/TestingData/downLoadedGifs/XJF0h4EHscwHm.gif,Ignore The Breakfast Club GIF,a man in a denim jacket and a white shirt,desire,0.13377545773983002
WrKkFqdpoOUBq,/home/jecroisp/Thesis/processed_data/TestingData/downLoadedGifs/WrKkFqdpoOUBq.gif,Tim Burton 80S GIF,a man in a suit with a gun,anger,0.10990353673696518
NN9YQXuUlhh84,/home/jecroisp/Thesis/processed_data/TestingData/downLoadedGifs/NN9YQXuUlhh84.gif,reese witherspoon film GIF,a woman is smiling while a man is holding a fron,amusement,0.14599797129631042
Tbpc95JLaz4LC,/home/jecroisp/Thesis/processed_data/TestingData/downLoadedGifs/Tbpc95JLaz4LC.gif,Angry Jingle All The Way GIF,a man in a blue coat and hat walking down a hallway,curiosity,0.1187642514705658
1zd2LUEk9DrvW,/home/jecroisp/Thesis/processed_data/TestingData/downLoadedGifs/1zd2LUEk9DrvW.gif,Robin Hood Goatee GIF,a man in a green hat and brown jacket,desire,0.1058146208524704
DKiI2927B1xFC,/home/jecroisp/Thesis/processed_data/TestingData/downLoadedGifs/DKiI2927B1xFC.gif,Christina Vidal Disney GIF,a woman with a cigarette in her mouth,disapproval,0.12340708076953888
8hvb1Ok0hJ2OQ,/home/jecroisp/Thesis/processed_data/TestingData/downLoadedGifs/8hvb1Ok0hJ2OQ.gif,psycho jurassic park GIF,a woman driving a car with a man behind her,realization,0.09254033118486404
D6zTH34ZKARTW,/home/jecroisp/Thesis/processed_data/TestingData/downLoadedGifs/D6zTH34ZKARTW.gif,brad pitt vampires GIF,two men in a room with a quote on the wall,annoyance,0.09785401821136475
9RsqYphkRclz2,/home/jecroisp/Thesis/processed_data/TestingData/downLoadedGifs/9RsqYphkRclz2.gif,Moonrise Kingdom Dancing GIF,two girls standing on the beach,curiosity,0.12575623393058777
10ExQg4YwG1p8k,/home/jecroisp/Thesis/processed_data/TestingData/downLoadedGifs/10ExQg4YwG1p8k.gif,Snow White Film GIF,a blue apple hanging from a hook,curiosity,0.1101282611489296
brjJHcjSkifte,/home/jecroisp/Thesis/processed_data/TestingData/downLoadedGifs/brjJHcjSkifte.gif,in space ship happy dance GIF,a woman in a white dress standing in front of a planet,realization,0.09735151380300522
j2D2fnqcQquzu,/home/jecroisp/Thesis/processed_data/TestingData/downLoadedGifs/j2D2fnqcQquzu.gif,The Breakfast Club 80S GIF by HuffPost,a woman with a black jacket and a black shirt,desire,0.11344978958368301
hC7hhvggNdbMc,/home/jecroisp/Thesis/processed_data/TestingData/downLoadedGifs/hC7hhvggNdbMc.gif,Happy Good Burger GIF,a woman in a striped shirt and a hat holding a hamburger,curiosity,0.1300985962152481
ZNzFSd6F427bG,/home/jecroisp/Thesis/processed_data/TestingData/downLoadedGifs/ZNzFSd6F427bG.gif,sexy marilyn monroe GIF,a woman in a pink dress,curiosity,0.12357079237699509
WYVHeDgRR2o24,/home/jecroisp/Thesis/processed_data/TestingData/downLoadedGifs/WYVHeDgRR2o24.gif,Mel Brooks GIF,a man sitting on a chair in front of a blackboard,annoyance,0.11076054722070694
G2UovGbsa17Fu,/home/jecroisp/Thesis/processed_data/TestingData/downLoadedGifs/G2UovGbsa17Fu.gif,Top Hat Fancy GIF,a man and woman dancing in a courtyard,excitement,0.1555514633655548
4pb05K5LtdRXq,/home/jecroisp/Thesis/processed_data/TestingData/downLoadedGifs/4pb05K5LtdRXq.gif,Star Trek Sea GIF,a man in a red shirt standing in front of a computer,curiosity,0.09973832219839096
fvtmoJ7S6GzRe,/home/jecroisp/Thesis/processed_data/TestingData/downLoadedGifs/fvtmoJ7S6GzRe.gif,Frustrated Body GIF,a man in a suit,realization,0.1139245331287384
110G1vtyxUJ4go,/home/jecroisp/Thesis/processed_data/TestingData/downLoadedGifs/110G1vtyxUJ4go.gif,Coming Soon Love GIF,a man and woman are looking at each other people,realization,0.13682644069194794
10nQVrNmo9klUI,/home/jecroisp/Thesis/processed_data/TestingData/downLoadedGifs/10nQVrNmo9klUI.gif,Movie Star GIF,a man in a suit with a sword,excitement,0.10487636178731918
11Uo8lZPWnkq3e,/home/jecroisp/Thesis/processed_data/TestingData/downLoadedGifs/11Uo8lZPWnkq3e.gif,Moonrise Kingdom Beach GIF,a couple of suitcases sitting on a beach,curiosity,0.11745467036962509
aF1N95HefyANO,/home/jecroisp/Thesis/processed_data/TestingData/downLoadedGifs/aF1N95HefyANO.gif,Willy Wonka Singing GIF,a room with a mirror and a mirror in it,realization,0.09873323887586594
3oEduMcvxTNPlGuhH2,/home/jecroisp/Thesis/processed_data/TestingData/downLoadedGifs/3oEduMcvxTNPlGuhH2.gif,Hungry Disney GIF by The Good Dinosaur,a green bird is perched on a tree branch,curiosity,0.10142042487859726
SHppUTMNewZwc,/home/jecroisp/Thesis/processed_data/TestingData/downLoadedGifs/SHppUTMNewZwc.gif,Star Wars No GIF,a man in a dark room with a light coming from the ceiling,surprise,0.11353160440921783
rHVbvmCFpuvmM,/home/jecroisp/Thesis/processed_data/TestingData/downLoadedGifs/rHVbvmCFpuvmM.gif,Jurassic Park Dinosaurs GIF by Digg,two men in a forest,curiosity,0.07935676723718643
1iW2iFjGi8Mu7yfK,/home/jecroisp/Thesis/processed_data/TestingData/downLoadedGifs/1iW2iFjGi8Mu7yfK.gif,bob hope art GIF by The Academy Awards,a man in a tuxed tuxed tuxed tuxed tuxed tuxed tuxed tuxed,realization,0.12204740196466446
Bz4tJnw3uep8s,/home/jecroisp/Thesis/processed_data/TestingData/downLoadedGifs/Bz4tJnw3uep8s.gif,Johnny Depp Love GIF,a man in a car,realization,0.11518798023462296
T3VllkrxQ1JXG,/home/jecroisp/Thesis/processed_data/TestingData/downLoadedGifs/T3VllkrxQ1JXG.gif,Suspicious Jeanne Moreau GIF,a man in sunglasses and a black shirt,desire,0.11601629108190536
PpgBsb0Jfntio,/home/jecroisp/Thesis/processed_data/TestingData/downLoadedGifs/PpgBsb0Jfntio.gif,Nervous Jeanne Moreau GIF,a woman in a black dress and a man in a suit,curiosity,0.11151071637868881
3o85xAymITsLwO0nIs,/home/jecroisp/Thesis/processed_data/TestingData/downLoadedGifs/3o85xAymITsLwO0nIs.gif,Looking Quentin Tarantino GIF,a man walking in a room with a clock,confusion,0.11735121160745621
3LziqePgaY4uI,/home/jecroisp/Thesis/processed_data/TestingData/downLoadedGifs/3LziqePgaY4uI.gif,sitting randal kleiser GIF,a woman sitting on a couch with a pink wig,curiosity,0.11577390879392624
l0O9xMYfZF67bjIcM,/home/jecroisp/Thesis/processed_data/TestingData/downLoadedGifs/l0O9xMYfZF67bjIcM.gif,Scared Jurassic World GIF,a boy and a girl sitting on a bus,curiosity,0.08709079772233963
sgWHkkjwcnKes,/home/jecroisp/Thesis/processed_data/TestingData/downLoadedGifs/sgWHkkjwcnKes.gif,Star Wars Film GIF,a group of people standing around a fire,excitement,0.12598004937171936
TKrjl5inUPYoU,/home/jecroisp/Thesis/processed_data/TestingData/downLoadedGifs/TKrjl5inUPYoU.gif,Animated GIF,a man with a hat and a baseball cap,curiosity,0.1031792163848877
PtUUcXERWXEYM,/home/jecroisp/Thesis/processed_data/TestingData/downLoadedGifs/PtUUcXERWXEYM.gif,toy story 3 applause GIF,a toy figure of a man,amusement,0.14301441609859467
b9aScKLxdv0Y0,/home/jecroisp/Thesis/processed_data/TestingData/downLoadedGifs/b9aScKLxdv0Y0.gif,Orson Welles Reaction GIF,a man with a cigarette in his mouth,anger,0.13069936633110046
XRWPkTfSZg9oY,/home/jecroisp/Thesis/processed_data/TestingData/downLoadedGifs/XRWPkTfSZg9oY.gif,Jimmy Stewart Babe GIF,a man in a hat and coat smoking a cigarette,curiosity,0.12096160650253296
J5mnrjmGTpdL2,/home/jecroisp/Thesis/processed_data/TestingData/downLoadedGifs/J5mnrjmGTpdL2.gif,Cary Grant Cinema GIF,a man in a suit and tie standing next to another man in a suit,curiosity,0.09526161849498749
Xxd0GjmiHOzvi,/home/jecroisp/Thesis/processed_data/TestingData/downLoadedGifs/Xxd0GjmiHOzvi.gif,Vin Diesel Action GIF by Furious 7,a large building with a lot of stairs,realization,0.09703674167394638
l41lX21w8cZu7Nqpy,/home/jecroisp/Thesis/processed_data/TestingData/downLoadedGifs/l41lX21w8cZu7Nqpy.gif,Disney Cross Eyed GIF by The Good Dinosaur,a green dinosaur with a big nose,surprise,0.10263684391975403
3rEi755PzPwqY,/home/jecroisp/Thesis/processed_data/TestingData/downLoadedGifs/3rEi755PzPwqY.gif,Jurassic Park Dinosaurs GIF by Digg,a group of oshes on a road,annoyance,0.09114515036344528
avbafjL1jRiFy,/home/jecroisp/Thesis/processed_data/TestingData/downLoadedGifs/avbafjL1jRiFy.gif,Confused Jim Carrey GIF,a man in a shirt holding a box of food,surprise,0.087179996073246
zMIFs34GqnquI,/home/jecroisp/Thesis/processed_data/TestingData/downLoadedGifs/zMIFs34GqnquI.gif,Star Wars GIF,a view of a city from an airplane,curiosity,0.13425368070602417
xTiTnmuDsR7NtN9XWw,/home/jecroisp/Thesis/processed_data/TestingData/downLoadedGifs/xTiTnmuDsR7NtN9XWw.gif,Spying Jurassic World GIF,a bird is sitting in the grass,curiosity,0.09055790305137634
qqy8lV7Br6mx8C2qWd,/home/jecroisp/Thesis/processed_data/TestingData/downLoadedGifs/qqy8lV7Br6mx8C2qWd.gif,Kung Fu Wtf GIF by A24,a woman in a white dress,realization,0.12393242120742798
3ornka9rAaKRA2Rkac,/home/jecroisp/Thesis/processed_data/TestingData/downLoadedGifs/3ornka9rAaKRA2Rkac.gif,Its A Trap GIF by Star Wars,a man in a white shirt,realization,0.10580017417669296
pHb82xtBPfqEg,/home/jecroisp/Thesis/processed_data/TestingData/downLoadedGifs/pHb82xtBPfqEg.gif,Arnold Schwarzenegger Handshake GIF,a man in a white shirt,realization,0.10580017417669296
10osILvZ4ez7ws,/home/jecroisp/Thesis/processed_data/TestingData/downLoadedGifs/10osILvZ4ez7ws.gif,Harry Potter Snape Always GIF,a man with long hair and a black coat,curiosity,0.0988868698477745
g5zvwUa9720pO,/home/jecroisp/Thesis/processed_data/TestingData/downLoadedGifs/g5zvwUa9720pO.gif,Matthew Mcconaughey GIF,a man in a car,realization,0.11518798023462296
yVZrYMkdgY5Pi,/home/jecroisp/Thesis/processed_data/TestingData/downLoadedGifs/yVZrYMkdgY5Pi.gif,Shirley Temple Giggle GIF,a young girl in a white dress smiles at the camera,excitement,0.11637876182794571
14ghVSBbXb7Gco,/home/jecroisp/Thesis/processed_data/TestingData/downLoadedGifs/14ghVSBbXb7Gco.gif,talking young jeezy GIF,dont be hatin,disapproval,0.09746749699115753
14ceV8wMLIGO6Q,/home/jecroisp/Thesis/processed_data/TestingData/downLoadedGifs/14ceV8wMLIGO6Q.gif,boom smile GIF,a man with a beard,realization,0.12993264198303223
hEwkspP1OllJK,/home/jecroisp/Thesis/processed_data/TestingData/downLoadedGifs/hEwkspP1OllJK.gif,the sandlot GIF,a man in uniform is holding a stick,realization,0.097510427236557
Z5eFxoKjf218c,/home/jecroisp/Thesis/processed_data/TestingData/downLoadedGifs/Z5eFxoKjf218c.gif,come on chunk GIF,a young girl looking over a fence,curiosity,0.12373904138803482
HFyBNSSlNwNKE,/home/jecroisp/Thesis/processed_data/TestingData/downLoadedGifs/HFyBNSSlNwNKE.gif,dead poets society GIF,a cat is walking on a table,annoyance,0.08406022936105728
CAxbo8KC2A0y4,/home/jecroisp/Thesis/processed_data/TestingData/downLoadedGifs/CAxbo8KC2A0y4.gif,Happy Pumped Up GIF by Universal Pictures Home Entertainment,a man in a car,realization,0.11518798023462296
10uct1aSFT7QiY,/home/jecroisp/Thesis/processed_data/TestingData/downLoadedGifs/10uct1aSFT7QiY.gif,Surprised Nicolas Cage GIF,a man in a suit and tie with the words you don ' t say,confusion,0.11082925647497177
RUUdVZqwpfTRS,/home/jecroisp/Thesis/processed_data/TestingData/downLoadedGifs/RUUdVZqwpfTRS.gif,star wars GIF,a dog with a black collar,realization,0.14580067992210388
nbsIAR9Pc9wMBEshgC,/home/jecroisp/Thesis/processed_data/TestingData/downLoadedGifs/nbsIAR9Pc9wMBEshgC.gif,Pop Corn GIF by REYKON,a man holding a box of popcorn,amusement,0.1536255180835724
XmiTYLQ5qXTqM,/home/jecroisp/Thesis/processed_data/TestingData/downLoadedGifs/XmiTYLQ5qXTqM.gif,Gay Hearts GIF,a man in a white outfit standing next to a woman,curiosity,0.0997537225484848
hcsoflVVr8gYE,/home/jecroisp/Thesis/processed_data/TestingData/downLoadedGifs/hcsoflVVr8gYE.gif,Leaving French Cinema GIF,a bunch of balloons,amusement,0.1693861484527588
GCvktC0KFy9l6,/home/jecroisp/Thesis/processed_data/TestingData/downLoadedGifs/GCvktC0KFy9l6.gif,Go Ahead Yes GIF,a cat sitting on a table with a glass of wine,amusement,0.12794245779514313
l2JJKs3I69qfaQleE,/home/jecroisp/Thesis/processed_data/TestingData/downLoadedGifs/l2JJKs3I69qfaQleE.gif,Obi Wan Mind GIF by Star Wars,a man in a brown coat,realization,0.10978047549724579
jeXiz1RAvzX44,/home/jecroisp/Thesis/processed_data/TestingData/downLoadedGifs/jeXiz1RAvzX44.gif,Dr Evil Whatever GIF,a man in a grey shirt sitting at a table,curiosity,0.08893530815839767
UjBvt2DJobX7q,/home/jecroisp/Thesis/processed_data/TestingData/downLoadedGifs/UjBvt2DJobX7q.gif,Scared Peace Out GIF,a man with long hair and a pink shirt,desire,0.11665911972522736
sR91D133W02D6,/home/jecroisp/Thesis/processed_data/TestingData/downLoadedGifs/sR91D133W02D6.gif,Child Smile GIF,a little girl looking up at a kite,excitement,0.16559813916683197
nC1toglzIfNFC,/home/jecroisp/Thesis/processed_data/TestingData/downLoadedGifs/nC1toglzIfNFC.gif,Shocked Genie GIF,the cat and the mouse from the animated animated movie,amusement,0.26372990012168884
ceK5e0DXc7Zh6,/home/jecroisp/Thesis/processed_data/TestingData/downLoadedGifs/ceK5e0DXc7Zh6.gif,Hang Loose Pauly Shore GIF,a man with long curly hair,realization,0.11497088521718979
iMQ2kjkP8chaj02EjB,/home/jecroisp/Thesis/processed_data/TestingData/downLoadedGifs/iMQ2kjkP8chaj02EjB.gif,Confused What Happened GIF by Google,a man laying on the floor with a chicken in the background,curiosity,0.0926736444234848
zVxeZHKKemqWs,/home/jecroisp/Thesis/processed_data/TestingData/downLoadedGifs/zVxeZHKKemqWs.gif,mac and me falling GIF,a man in a wheelchair,embarrassment,0.09760639071464539
VH8QBcXLrfz1u,/home/jecroisp/Thesis/processed_data/TestingData/downLoadedGifs/VH8QBcXLrfz1u.gif,Cloudy With A Chance Of Meatballs Eating GIF,a woman sitting on a beach chair in a crowded area,curiosity,0.10882467031478882
gdUVz1Z6jpMk0,/home/jecroisp/Thesis/processed_data/TestingData/downLoadedGifs/gdUVz1Z6jpMk0.gif,Bill Murray Film GIF by Hollywood Suite,a man holding a bird in his hand,curiosity,0.10307691246271133
l0MYKFSWjNzFXL76o,/home/jecroisp/Thesis/processed_data/TestingData/downLoadedGifs/l0MYKFSWjNzFXL76o.gif,Las Vegas GIF by Legendary Entertainment,a man sitting in a convertible car with two men sitting in the back,curiosity,0.10628192871809006
CH0fzClj8QCDS,/home/jecroisp/Thesis/processed_data/TestingData/downLoadedGifs/CH0fzClj8QCDS.gif,Serious Biy GIF,a young boy reading a book in front of a lit candle,curiosity,0.11265569180250168
FiBzv5FRE85PO,/home/jecroisp/Thesis/processed_data/TestingData/downLoadedGifs/FiBzv5FRE85PO.gif,Henry Cavill Superman GIF,a man in a black coat,realization,0.11320523172616959
qGyNYdgDARies,/home/jecroisp/Thesis/processed_data/TestingData/downLoadedGifs/qGyNYdgDARies.gif,jim carrey love GIF,a man in a hat and a woman in a dress,realization,0.10965914279222488
R6gvnAxj2ISzJdbA63,/home/jecroisp/Thesis/processed_data/TestingData/downLoadedGifs/R6gvnAxj2ISzJdbA63.gif,Happy I Love You GIF by Warner Bros. Deutschland,a man with long hair,realization,0.12200545519590378
13ea4eXuOuQsmY,/home/jecroisp/Thesis/processed_data/TestingData/downLoadedGifs/13ea4eXuOuQsmY.gif,Scheming Area 51 GIF,a man with a large head and a large knife,realization,0.10742698609828949
rHR8qP1mC5V3G,/home/jecroisp/Thesis/processed_data/TestingData/downLoadedGifs/rHR8qP1mC5V3G.gif,Star Wars Salute GIF,a man in a vest pointing at something,anger,0.10431978851556778
KJXClfNiq0vCM,/home/jecroisp/Thesis/processed_data/TestingData/downLoadedGifs/KJXClfNiq0vCM.gif,Mothers Day Mom GIF,a woman in a pink jacket and a man in a white shirt,desire,0.116576187312603
T08JhumnpKAI8,/home/jecroisp/Thesis/processed_data/TestingData/downLoadedGifs/T08JhumnpKAI8.gif,Watching Arnold Schwarzenegger GIF,a man in a suit with a microphone,realization,0.09757432341575623
9J8gnvAxmDFbG,/home/jecroisp/Thesis/processed_data/TestingData/downLoadedGifs/9J8gnvAxmDFbG.gif,Harrison Ford GIF,a man in a hat and a hat on a rock,excitement,0.10600968450307846
d2qJhxeaaWXPG,/home/jecroisp/Thesis/processed_data/TestingData/downLoadedGifs/d2qJhxeaaWXPG.gif,Line Waiting GIF,a group of people sitting on a couch,curiosity,0.09794560819864273
iYi1Ni72bS12,/home/jecroisp/Thesis/processed_data/TestingData/downLoadedGifs/iYi1Ni72bS12.gif,Whats Up Mexican GIF,a man in a blue shirt,realization,0.09462524205446243
TUCGmddm9Kbny,/home/jecroisp/Thesis/processed_data/TestingData/downLoadedGifs/TUCGmddm9Kbny.gif,johnny depp ew GIF,a man with a pirate hat and a beard,curiosity,0.09303927421569824
xsF1FSDbjguis,/home/jecroisp/Thesis/processed_data/TestingData/downLoadedGifs/xsF1FSDbjguis.gif,Back To The Future GIF,a clock with a yellow display,curiosity,0.10211247950792313
2t9sDPrlvFpdK,/home/jecroisp/Thesis/processed_data/TestingData/downLoadedGifs/2t9sDPrlvFpdK.gif,salutes jack black GIF,a man in a black shirt,realization,0.09973131865262985
8ef68WfQPpwVa,/home/jecroisp/Thesis/processed_data/TestingData/downLoadedGifs/8ef68WfQPpwVa.gif,Jim Carrey Deal With It GIF,a man is standing next to a car,curiosity,0.08725959807634354
13aSSyJaI5NkTm,/home/jecroisp/Thesis/processed_data/TestingData/downLoadedGifs/13aSSyJaI5NkTm.gif,Jack Black Smile GIF,a man with a mustache and a blue shirt,desire,0.09432341903448105
phajKPhwNxHr2,/home/jecroisp/Thesis/processed_data/TestingData/downLoadedGifs/phajKPhwNxHr2.gif,Happy Gilmore Cinema Supremo GIF,a man in a gray shirt,realization,0.10169364511966705
Us9Ibqg4H0mTC,/home/jecroisp/Thesis/processed_data/TestingData/downLoadedGifs/Us9Ibqg4H0mTC.gif,happy grin GIF,a little girl standing in front of a doll house,curiosity,0.10269559919834137
RfEbMBTPQ7MOY,/home/jecroisp/Thesis/processed_data/TestingData/downLoadedGifs/RfEbMBTPQ7MOY.gif,terminator GIF,a man in sunglasses looking out the window,curiosity,0.16356009244918823
Il1dji926Y7qo,/home/jecroisp/Thesis/processed_data/TestingData/downLoadedGifs/Il1dji926Y7qo.gif,I Swear Promise GIF,a man with glasses and a jacket,realization,0.08329647779464722
Yb3d5B1zwuhCo,/home/jecroisp/Thesis/processed_data/TestingData/downLoadedGifs/Yb3d5B1zwuhCo.gif,anchorman GIF,a group of men walking down a street,annoyance,0.11834856867790222
TejmLnMKgnmPInMQjV,/home/jecroisp/Thesis/processed_data/TestingData/downLoadedGifs/TejmLnMKgnmPInMQjV.gif,Kung Fu Wtf GIF by A24,a rock on the ground,curiosity,0.07093504071235657
zhJ55GsXRajxm,/home/jecroisp/Thesis/processed_data/TestingData/downLoadedGifs/zhJ55GsXRajxm.gif,Laugh Laughing GIF,a dog is sitting on a chair in a theater,amusement,0.10209105163812637
qr0FOwPgUk3Cw,/home/jecroisp/Thesis/processed_data/TestingData/downLoadedGifs/qr0FOwPgUk3Cw.gif,Will Ferrell GIF,two men in red shirts,realization,0.10633090138435364
4FrEtm7JKksKc,/home/jecroisp/Thesis/processed_data/TestingData/downLoadedGifs/4FrEtm7JKksKc.gif,Pretty In Pink Tuxedo GIF,a man in a tuxed tuxed tuxed tuxed tuxed tuxed tuxed tuxed,realization,0.12204740196466446
cd87BccyY3Ecg,/home/jecroisp/Thesis/processed_data/TestingData/downLoadedGifs/cd87BccyY3Ecg.gif,waynes world headbang GIF,"the cast of the movie ' s ' friends, ' in a car",excitement,0.09449616819620132
39fj7g99qyD72,/home/jecroisp/Thesis/processed_data/TestingData/downLoadedGifs/39fj7g99qyD72.gif,Singing In The Rain Dancing GIF,a man in a suit and tie walking through a flooded street,surprise,0.12727464735507965
5ZUpMAtxpo0NO,/home/jecroisp/Thesis/processed_data/TestingData/downLoadedGifs/5ZUpMAtxpo0NO.gif,Chris Farley Cinema Supremo GIF,a man in a suit and tie is standing in front of a window,curiosity,0.11841397732496262
5fOiRnJOUnTMY,/home/jecroisp/Thesis/processed_data/TestingData/downLoadedGifs/5fOiRnJOUnTMY.gif,Disturbing The Ring GIF,a person walking in a room with a dog,realization,0.09105260670185089
c8RrC4dCLScNO,/home/jecroisp/Thesis/processed_data/TestingData/downLoadedGifs/c8RrC4dCLScNO.gif,scary movie GIF,a man in a suit and tie is standing on a brick wall,curiosity,0.08827198296785355
lKZEeXJGhU1d6,/home/jecroisp/Thesis/processed_data/TestingData/downLoadedGifs/lKZEeXJGhU1d6.gif,Scared Freak Out GIF,two minions minions minions minions minions minions minions minions minions minions minions minions minions minions minions minions minions minions minions,confusion,0.10998044162988663
qvhtVUPpZQgAU,/home/jecroisp/Thesis/processed_data/TestingData/downLoadedGifs/qvhtVUPpZQgAU.gif,willy wonka and the chocolate factory dancing GIF,a group of people sitting in a room,realization,0.10096316784620285
oVL1n7Yxs538c,/home/jecroisp/Thesis/processed_data/TestingData/downLoadedGifs/oVL1n7Yxs538c.gif,Animated GIF,a man is standing in a window with a green shirt,curiosity,0.11689507961273193
knVLsGuizHcMo,/home/jecroisp/Thesis/processed_data/TestingData/downLoadedGifs/knVLsGuizHcMo.gif,Art Film GIF by hoppip,a man in a black robe standing in a doorway,surprise,0.10840390622615814
vIwN3gm2oGrpm,/home/jecroisp/Thesis/processed_data/TestingData/downLoadedGifs/vIwN3gm2oGrpm.gif,Joseph Gordon Levitt Angels GIF,a baseball player is standing on the dug,curiosity,0.11127123236656189
dhCx7EyeGYD7O,/home/jecroisp/Thesis/processed_data/TestingData/downLoadedGifs/dhCx7EyeGYD7O.gif,Nicolas Cage Wink GIF,a man with long hair and a blue tank top,desire,0.13227996230125427
keaxYUhihiYPS,/home/jecroisp/Thesis/processed_data/TestingData/downLoadedGifs/keaxYUhihiYPS.gif,Angry Paul Rudd GIF,a man and woman sitting at a table,realization,0.1133037582039833
bPdI2MXEbnDUs,/home/jecroisp/Thesis/processed_data/TestingData/downLoadedGifs/bPdI2MXEbnDUs.gif,Dumb And Dumber Crying GIF,a woman in a bathrobe,curiosity,0.09193845093250275
gbDsm8Hn7aIuc,/home/jecroisp/Thesis/processed_data/TestingData/downLoadedGifs/gbDsm8Hn7aIuc.gif,Black And White Love GIF,a person holding a piece of paper in their hand,caring,0.10615520924329758
XDGcdXhDrofJe,/home/jecroisp/Thesis/processed_data/TestingData/downLoadedGifs/XDGcdXhDrofJe.gif,Charlie Sheen Baseball GIF by Comedy Central,a man holding a baseball bat on a field,curiosity,0.11855625361204147
bC54CmvT2XC9i,/home/jecroisp/Thesis/processed_data/TestingData/downLoadedGifs/bC54CmvT2XC9i.gif,Adam Sandler Golf GIF,a group of people standing in a field,realization,0.10926695913076401
13kZCZHYwlpues,/home/jecroisp/Thesis/processed_data/TestingData/downLoadedGifs/13kZCZHYwlpues.gif,emma roberts tongue out GIF,a woman with long hair and a black shirt,desire,0.11608623713254929
IXm7jqCjf1G9y,/home/jecroisp/Thesis/processed_data/TestingData/downLoadedGifs/IXm7jqCjf1G9y.gif,braveheart GIF,the walking dead season 3 episode 3,disgust,0.1049322560429573
9YtQ1PRAsCpUY,/home/jecroisp/Thesis/processed_data/TestingData/downLoadedGifs/9YtQ1PRAsCpUY.gif,Alicia Silverstone Flirt GIF,a woman in a white dress eating a piece of cake,curiosity,0.08952917158603668
p092OM3vVCXII,/home/jecroisp/Thesis/processed_data/TestingData/downLoadedGifs/p092OM3vVCXII.gif,im so old home alone GIF,a woman with a red nose and a black nose,realization,0.1012636050581932
tEsPVINETtZpS,/home/jecroisp/Thesis/processed_data/TestingData/downLoadedGifs/tEsPVINETtZpS.gif,back to the future GIF,a man with a microphone and a quote on it,curiosity,0.09387575834989548
c5av6uHZRy0vu,/home/jecroisp/Thesis/processed_data/TestingData/downLoadedGifs/c5av6uHZRy0vu.gif,waynes world GIF,a group of people standing around a table,curiosity,0.09407311677932739
12t9qSvUj3cdbO,/home/jecroisp/Thesis/processed_data/TestingData/downLoadedGifs/12t9qSvUj3cdbO.gif,Dance Movie GIF by Hollywood Suite,a woman in a dance class,realization,0.11539197713136673
zzoDrOX7SVRE4,/home/jecroisp/Thesis/processed_data/TestingData/downLoadedGifs/zzoDrOX7SVRE4.gif,the lord of the rings adventure GIF,"a black and white image with the words all shalle, and des",realization,0.09079770743846893
qyxyGxszt6LXW,/home/jecroisp/Thesis/processed_data/TestingData/downLoadedGifs/qyxyGxszt6LXW.gif,forrest gump 90s GIF,a man and a little girl sitting on a bus,confusion,0.08719450980424881
101DNxoBTatF16,/home/jecroisp/Thesis/processed_data/TestingData/downLoadedGifs/101DNxoBTatF16.gif,How Are You Doing Whats Up GIF,a person in a mask sitting at a table,embarrassment,0.15797020494937897
3o7rc0qU6m5hneMsuc,/home/jecroisp/Thesis/processed_data/TestingData/downLoadedGifs/3o7rc0qU6m5hneMsuc.gif,National Popcorn Day GIF by Angry Birds,a couple of birds sitting in a movie theater,amusement,0.19158509373664856
dFf0MERFSuocE,/home/jecroisp/Thesis/processed_data/TestingData/downLoadedGifs/dFf0MERFSuocE.gif,Jon Lovitz Creeper GIF,a man in a black shirt,realization,0.09973131865262985
p55iGp1XppSv4WiV2y,/home/jecroisp/Thesis/processed_data/TestingData/downLoadedGifs/p55iGp1XppSv4WiV2y.gif,Watching Ice Cream GIF by KETNIPZ,a cartoon character is watching a television,amusement,0.3143083453178406
OgbPFB5AE3jW,/home/jecroisp/Thesis/processed_data/TestingData/downLoadedGifs/OgbPFB5AE3jW.gif,Waynes World No GIF,a man and woman are standing in a room,realization,0.11243249475955963
1427cjQy7kiBS8,/home/jecroisp/Thesis/processed_data/TestingData/downLoadedGifs/1427cjQy7kiBS8.gif,Relaxed Couple GIF,a woman laying on a bed with a remote control,surprise,0.07758777588605881
GGthjnMpLXu4o,/home/jecroisp/Thesis/processed_data/TestingData/downLoadedGifs/GGthjnMpLXu4o.gif,hattie mcdaniel GIF,a woman in a black and white dress is standing in front of a mirror,curiosity,0.10597285628318787
kNTAHtqCfu6nm,/home/jecroisp/Thesis/processed_data/TestingData/downLoadedGifs/kNTAHtqCfu6nm.gif,Will Ferrell GIF,a man wearing a helmet,realization,0.11896682530641556
OiNW0PypI1RaE,/home/jecroisp/Thesis/processed_data/TestingData/downLoadedGifs/OiNW0PypI1RaE.gif,Animated GIF,a man with a beard,realization,0.12993264198303223
9aZ3Snou3bdlu,/home/jecroisp/Thesis/processed_data/TestingData/downLoadedGifs/9aZ3Snou3bdlu.gif,Awkward Jim Carrey GIF,a man in a car,realization,0.11518798023462296
12PIT4DOj6Tgek,/home/jecroisp/Thesis/processed_data/TestingData/downLoadedGifs/12PIT4DOj6Tgek.gif,Happy Cracking Up GIF,a young girl in a white dress smiles at the camera,excitement,0.11637876182794571
61nocPZboqCGI,/home/jecroisp/Thesis/processed_data/TestingData/downLoadedGifs/61nocPZboqCGI.gif,Ice Cream Hospital GIF,two men laying in bed,desire,0.07822579145431519
yoJC2BlMMydcdBvgze,/home/jecroisp/Thesis/processed_data/TestingData/downLoadedGifs/yoJC2BlMMydcdBvgze.gif,im back john wick GIF,a man in a suit and tie is looking at the camera,curiosity,0.14322710037231445
w8t89p4VBJytG,/home/jecroisp/Thesis/processed_data/TestingData/downLoadedGifs/w8t89p4VBJytG.gif,New York Film GIF,a pile of crushed chocolate,disappointment,0.1443045735359192
7X1DWR8wFWzxS,/home/jecroisp/Thesis/processed_data/TestingData/downLoadedGifs/7X1DWR8wFWzxS.gif,star wars robot GIF,a scene of a star wars scene with a robot and a r2,curiosity,0.0954660177230835
OUoK5YGI8oKmQ,/home/jecroisp/Thesis/processed_data/TestingData/downLoadedGifs/OUoK5YGI8oKmQ.gif,ben stiller shut up GIF,a man with a mustache,realization,0.15476040542125702
AUGqun7QALo0o,/home/jecroisp/Thesis/processed_data/TestingData/downLoadedGifs/AUGqun7QALo0o.gif,frozen GIF,elsa from frozen world,amusement,0.10112395882606506
13WVgB4UR7hK,/home/jecroisp/Thesis/processed_data/TestingData/downLoadedGifs/13WVgB4UR7hK.gif,shocked back to the future GIF,a man in a suit and tie,realization,0.12467052787542343
hDFyKdd2XBqU,/home/jecroisp/Thesis/processed_data/TestingData/downLoadedGifs/hDFyKdd2XBqU.gif,alien high kick GIF,a statue of a man,realization,0.10396260768175125
7mFmPxctsL6YU,/home/jecroisp/Thesis/processed_data/TestingData/downLoadedGifs/7mFmPxctsL6YU.gif,Angelina Jolie Disney GIF by Maleficent,maleficent maleficent maleficent maleficent maleficent maleficent malefi,realization,0.13819174468517303
2YQr5RmVZMj6g,/home/jecroisp/Thesis/processed_data/TestingData/downLoadedGifs/2YQr5RmVZMj6g.gif,sofia coppola grass GIF,a woman in a white dress walking through a field,curiosity,0.14396339654922485
U3BWiPeOtxT2w,/home/jecroisp/Thesis/processed_data/TestingData/downLoadedGifs/U3BWiPeOtxT2w.gif,The Addams Family 90S GIF,a man with a bald head,realization,0.12006036192178726
ubKUtThRLlly8,/home/jecroisp/Thesis/processed_data/TestingData/downLoadedGifs/ubKUtThRLlly8.gif,wizard of oz GIF,a woman walking a dog,realization,0.09072462469339371
jN0ygssTH2hoI,/home/jecroisp/Thesis/processed_data/TestingData/downLoadedGifs/jN0ygssTH2hoI.gif,De Acuerdo Agree GIF,a man in a blue shirt,realization,0.09462524205446243
l3vR94yj2b1nTDw1G,/home/jecroisp/Thesis/processed_data/TestingData/downLoadedGifs/l3vR94yj2b1nTDw1G.gif,Driving Las Vegas GIF by Legendary Entertainment,a man in a car with a dog in the back seat,realization,0.09312885999679565
mCxZH1Bi9o2aY,/home/jecroisp/Thesis/processed_data/TestingData/downLoadedGifs/mCxZH1Bi9o2aY.gif,paul feig look GIF,a man in a black jacket,realization,0.10376488417387009
VgeGEVTdwzZao,/home/jecroisp/Thesis/processed_data/TestingData/downLoadedGifs/VgeGEVTdwzZao.gif,Teenage Mutant Ninja Turtles Reaction GIF,a group of people sitting around a table,curiosity,0.09934347122907639
dDoW9Cl6dImMo,/home/jecroisp/Thesis/processed_data/TestingData/downLoadedGifs/dDoW9Cl6dImMo.gif,despicable me agnes GIF,a little girl with a red bow on her head,caring,0.0913233533501625
10tQozotSMgnja,/home/jecroisp/Thesis/processed_data/TestingData/downLoadedGifs/10tQozotSMgnja.gif,problem child satan GIF,a little boy dressed as a red devil,disapproval,0.14679667353630066
WXHr5GaFi116g,/home/jecroisp/Thesis/processed_data/TestingData/downLoadedGifs/WXHr5GaFi116g.gif,titanic GIF,a woman sitting on a bench,curiosity,0.09202457964420319
OUPyCjSwnMMlW,/home/jecroisp/Thesis/processed_data/TestingData/downLoadedGifs/OUPyCjSwnMMlW.gif,tom hanks 90s GIF,a man in a suit and tie is talking to another man,confusion,0.10881923139095306
inVTEIKYPeqR2,/home/jecroisp/Thesis/processed_data/TestingData/downLoadedGifs/inVTEIKYPeqR2.gif,star wars GIF,a man laying on a blue box with a white shirt,curiosity,0.08094172924757004
FmTesyMORvD9u,/home/jecroisp/Thesis/processed_data/TestingData/downLoadedGifs/FmTesyMORvD9u.gif,Want GIF,a woman in a black dress holding a gun,anger,0.14785036444664001
4v9ZLihPewmNa,/home/jecroisp/Thesis/processed_data/TestingData/downLoadedGifs/4v9ZLihPewmNa.gif,arrested development Bluths GIF by Digg,a woman standing in a kitchen,realization,0.11258739978075027
icuYWSF0OqvRu,/home/jecroisp/Thesis/processed_data/TestingData/downLoadedGifs/icuYWSF0OqvRu.gif,the eclipse moon GIF by hoppip,a black and white image of two people on a moon,curiosity,0.16364000737667084
W8rUusbnN4FmU,/home/jecroisp/Thesis/processed_data/TestingData/downLoadedGifs/W8rUusbnN4FmU.gif,The Fifth Element Food GIF,a woman with red hair and a red wig,curiosity,0.10118532180786133
5LACPAu24G37i,/home/jecroisp/Thesis/processed_data/TestingData/downLoadedGifs/5LACPAu24G37i.gif,Wesley Snipes Film GIF,a man in a suit and tie with a quote on it,curiosity,0.10181746631860733
YPEpEDDFs7sEU,/home/jecroisp/Thesis/processed_data/TestingData/downLoadedGifs/YPEpEDDFs7sEU.gif,fuck my life fml GIF,a woman with red hair,realization,0.09977670758962631
ebMqYaUqR3hrW,/home/jecroisp/Thesis/processed_data/TestingData/downLoadedGifs/ebMqYaUqR3hrW.gif,back to the future GIF,a man with a white hair,realization,0.11642888188362122
oPmxYvyUGO6bK,/home/jecroisp/Thesis/processed_data/TestingData/downLoadedGifs/oPmxYvyUGO6bK.gif,frozen animation GIF,a snowman is standing in front of a snowman,curiosity,0.10132329165935516
x609PysrX0lCE,/home/jecroisp/Thesis/processed_data/TestingData/downLoadedGifs/x609PysrX0lCE.gif,braveheart GIF,a man riding a horse,realization,0.10212278366088867
6LxGaLrEdGNHi,/home/jecroisp/Thesis/processed_data/TestingData/downLoadedGifs/6LxGaLrEdGNHi.gif,Robin Hood Disney GIF,a fox in the woods with a bag,curiosity,0.10991638153791428
10Sjw8diQ5BJrq,/home/jecroisp/Thesis/processed_data/TestingData/downLoadedGifs/10Sjw8diQ5BJrq.gif,frozen animation GIF,a frozen frozen frozen frozen frozen frozen frozen frozen frozen frozen frozen frozen frozen frozen frozen frozen frozen frozen frozen,realization,0.11944561451673508
KZocN3LfuqktW,/home/jecroisp/Thesis/processed_data/TestingData/downLoadedGifs/KZocN3LfuqktW.gif,star wars film GIF,yoo yo yo yo yo yo yo yo yo yo yo yo yo yo yo yo yo yo yo,excitement,0.2728995978832245
OEl7x4fTPczEk,/home/jecroisp/Thesis/processed_data/TestingData/downLoadedGifs/OEl7x4fTPczEk.gif,julie andrews shrug GIF,a woman in a black dress,realization,0.11138471215963364
HuRbUuSt2XXEY,/home/jecroisp/Thesis/processed_data/TestingData/downLoadedGifs/HuRbUuSt2XXEY.gif,Happy Waking Up GIF,a woman laying in bed,realization,0.09121851623058319
uI8kvj4paUiLm,/home/jecroisp/Thesis/processed_data/TestingData/downLoadedGifs/uI8kvj4paUiLm.gif,deadpool GIF,a man in a red suit,realization,0.11039793491363525
4UHVCPKYeWHYY,/home/jecroisp/Thesis/processed_data/TestingData/downLoadedGifs/4UHVCPKYeWHYY.gif,the sopranos hbo GIF,a man in a hawaiian shirt smoking a cigarette,curiosity,0.13391700387001038
YDxzHaDMBsMW4,/home/jecroisp/Thesis/processed_data/TestingData/downLoadedGifs/YDxzHaDMBsMW4.gif,Tony Montana Scarface GIF,a man sitting on a chair with a woman standing behind him,realization,0.08299040049314499
5jD7vcS2tecxO,/home/jecroisp/Thesis/processed_data/TestingData/downLoadedGifs/5jD7vcS2tecxO.gif,star wars GIF,a cat sitting on a table,amusement,0.09495235979557037
2OgXMTOzqRxZu,/home/jecroisp/Thesis/processed_data/TestingData/downLoadedGifs/2OgXMTOzqRxZu.gif,back to the future GIF,a man with a red vest,realization,0.1044473797082901
qmlX8ClsVWwsU,/home/jecroisp/Thesis/processed_data/TestingData/downLoadedGifs/qmlX8ClsVWwsU.gif,john travolta grease GIF,a cartoon character with a red shirt and blue pants,amusement,0.338089257478714
WbheD0Y54pBPW,/home/jecroisp/Thesis/processed_data/TestingData/downLoadedGifs/WbheD0Y54pBPW.gif,star wars GIF,yo yo yo yo yo yo yo yo yo yo yo yo yo yo yo yo yo yo yo yo,excitement,0.17318083345890045
VRolEcq3Z4axa,/home/jecroisp/Thesis/processed_data/TestingData/downLoadedGifs/VRolEcq3Z4axa.gif,Waving Home Alone GIF,a young boy looking through a window,curiosity,0.16346333920955658
Ivmf74DbIBFPa,/home/jecroisp/Thesis/processed_data/TestingData/downLoadedGifs/Ivmf74DbIBFPa.gif,jurassic park cinema GIF,a man in glasses and a leather jacket with a quote on it,curiosity,0.10329443216323853
HIrYP4RI9DpLy,/home/jecroisp/Thesis/processed_data/TestingData/downLoadedGifs/HIrYP4RI9DpLy.gif,clean up GIF,a woman cleaning a living room with a mop,realization,0.12134189903736115
vMWq5dvuuiQmc,/home/jecroisp/Thesis/processed_data/TestingData/downLoadedGifs/vMWq5dvuuiQmc.gif,12 Years A Slave GIF,a woman with a face painted in black,disapproval,0.105537548661232
JjUMxtqGYXaKc,/home/jecroisp/Thesis/processed_data/TestingData/downLoadedGifs/JjUMxtqGYXaKc.gif,according war room GIF,"a man smoking a cigarette with the capt that reads, ' to say impurr of produ",curiosity,0.08371903747320175
kznal07FJDUsw,/home/jecroisp/Thesis/processed_data/TestingData/downLoadedGifs/kznal07FJDUsw.gif,Sexy Chris Farley GIF,a man in a bathroom,realization,0.11612167209386826
X753xqJRL15Pa,/home/jecroisp/Thesis/processed_data/TestingData/downLoadedGifs/X753xqJRL15Pa.gif,angry the office GIF,a man in a suit and tie sitting at a table,realization,0.09623721987009048
ci0uDcGQtBh0k,/home/jecroisp/Thesis/processed_data/TestingData/downLoadedGifs/ci0uDcGQtBh0k.gif,Happy Andy Samberg GIF,a man with a tie around his neck,realization,0.09075064957141876
ajQdLzFfWXEQw,/home/jecroisp/Thesis/processed_data/TestingData/downLoadedGifs/ajQdLzFfWXEQw.gif,jamie foxx cowboy GIF,a man in a hat and a hat on a horse,excitement,0.10471533238887787
GD8ypYfe6WnBu,/home/jecroisp/Thesis/processed_data/TestingData/downLoadedGifs/GD8ypYfe6WnBu.gif,fuck my life fml GIF,a man with a knife and a cell,anger,0.1701918989419937
79ZFYdMsStRYI,/home/jecroisp/Thesis/processed_data/TestingData/downLoadedGifs/79ZFYdMsStRYI.gif,x-men goodbye GIF,a man wearing a hat,realization,0.10813573747873306
ZPHXO9RcU4Q2k,/home/jecroisp/Thesis/processed_data/TestingData/downLoadedGifs/ZPHXO9RcU4Q2k.gif,star wars jedi GIF,a scene of a scene from star wars,curiosity,0.10595490038394928
aOIa4DvGN4M5q,/home/jecroisp/Thesis/processed_data/TestingData/downLoadedGifs/aOIa4DvGN4M5q.gif,logo meow GIF,a cat with a ribbon around its neck,caring,0.1168484091758728
EUoQnnYBXiR4Q,/home/jecroisp/Thesis/processed_data/TestingData/downLoadedGifs/EUoQnnYBXiR4Q.gif,black and white love GIF,a black and white photo of a baby ' s feet,curiosity,0.1254798322916031
wW0I7ayjRkTdK,/home/jecroisp/Thesis/processed_data/TestingData/downLoadedGifs/wW0I7ayjRkTdK.gif,Poetic Justice Thinking GIF,a man with a hat and a cell,realization,0.07664045691490173
QynHhYJiwfoJO,/home/jecroisp/Thesis/processed_data/TestingData/downLoadedGifs/QynHhYJiwfoJO.gif,star wars GIF,yoo yoo yoo yoo yoo yoo yoo yoo yoo yoo,excitement,0.143082395195961
114YgIm9NL6EDe,/home/jecroisp/Thesis/processed_data/TestingData/downLoadedGifs/114YgIm9NL6EDe.gif,Chris Farley Cinema Supremo GIF,a man in a car with a surprised look on his face,surprise,0.5403425693511963
THzS8cPZPwr5e,/home/jecroisp/Thesis/processed_data/TestingData/downLoadedGifs/THzS8cPZPwr5e.gif,zoolander GIF,a man walking down a street in a city,realization,0.08983762562274933
11YjSCHL4v3tF6,/home/jecroisp/Thesis/processed_data/TestingData/downLoadedGifs/11YjSCHL4v3tF6.gif,mad men smoking GIF,a woman sitting in a car with a cigarette in her mouth,disapproval,0.11483294516801834
1252MBJs73oIdq,/home/jecroisp/Thesis/processed_data/TestingData/downLoadedGifs/1252MBJs73oIdq.gif,Lauren Bacall Fashion GIF,a woman with a hat on,curiosity,0.09025267511606216
30e7fUZYWFz1u,/home/jecroisp/Thesis/processed_data/TestingData/downLoadedGifs/30e7fUZYWFz1u.gif,happy endings helmet GIF,a woman in a helmet with a man behind her,realization,0.10016148537397385
p71R5kxVjG8ww,/home/jecroisp/Thesis/processed_data/TestingData/downLoadedGifs/p71R5kxVjG8ww.gif,Scared Denzel Washington GIF,a man in a black shirt and hat,curiosity,0.09737633168697357
nnngUm3dnQrrq,/home/jecroisp/Thesis/processed_data/TestingData/downLoadedGifs/nnngUm3dnQrrq.gif,crazy nicolas cage GIF,a man holding a knife in his hand,anger,0.195350781083107
qHBBYAh7BZVm,/home/jecroisp/Thesis/processed_data/TestingData/downLoadedGifs/qHBBYAh7BZVm.gif,arnold schwarzenegger eyes GIF,a close up of a person ' s face,realization,0.12582442164421082
7MdjxhX0qxpfy,/home/jecroisp/Thesis/processed_data/TestingData/downLoadedGifs/7MdjxhX0qxpfy.gif,chef cooking GIF,a person cooking food on a grill,realization,0.16651447117328644
12pCd2XbVGbFJe,/home/jecroisp/Thesis/processed_data/TestingData/downLoadedGifs/12pCd2XbVGbFJe.gif,sarah jessica parker bride GIF,a woman in a wedding dress and veil,realization,0.12098241597414017
aq6wETurhpbc4,/home/jecroisp/Thesis/processed_data/TestingData/downLoadedGifs/aq6wETurhpbc4.gif,jaws smoking GIF,a man in a hat and glasses standing next to another man,curiosity,0.10619998723268509
nJZV6hKtNeSBO,/home/jecroisp/Thesis/processed_data/TestingData/downLoadedGifs/nJZV6hKtNeSBO.gif,Peter Pan Disney GIF,a cartoon figure sitting on top of a block,amusement,0.33557388186454773
MNgO6pOH5iNEI,/home/jecroisp/Thesis/processed_data/TestingData/downLoadedGifs/MNgO6pOH5iNEI.gif,the craft witch GIF,a woman with a gun in her hand,anger,0.13137187063694
d2ZaW7LrLwem8W0U,/home/jecroisp/Thesis/processed_data/TestingData/downLoadedGifs/d2ZaW7LrLwem8W0U.gif,Macaulay Culkin 90S GIF by Home Alone,a young boy in a plaid shirt and jeans,curiosity,0.12050122767686844
Qw4X3Fnt8MzvrCxmBLG,/home/jecroisp/Thesis/processed_data/TestingData/downLoadedGifs/Qw4X3Fnt8MzvrCxmBLG.gif,Mean Girls Wednesday GIF,a woman with long blonde hair,curiosity,0.10312718898057938
2nwTda1ewYssE,/home/jecroisp/Thesis/processed_data/TestingData/downLoadedGifs/2nwTda1ewYssE.gif,hugh jackman explosion GIF,a man standing in front of a wall with a gun,anger,0.1369413286447525
Sz2wlGvaBBx7y,/home/jecroisp/Thesis/processed_data/TestingData/downLoadedGifs/Sz2wlGvaBBx7y.gif,bridesmaids really bitch GIF,a woman holding a microphone,realization,0.08311431854963303
zHfx3GVlBIzEQ,/home/jecroisp/Thesis/processed_data/TestingData/downLoadedGifs/zHfx3GVlBIzEQ.gif,embarrassed jane levy GIF,a woman in a denim jacket and red purse,desire,0.13934114575386047
100YmlniUkSv84,/home/jecroisp/Thesis/processed_data/TestingData/downLoadedGifs/100YmlniUkSv84.gif,The Little Mermaid Yes GIF,ariel from the little mermaid,amusement,0.1975097358226776
13DNfRT4u3Q6aI,/home/jecroisp/Thesis/processed_data/TestingData/downLoadedGifs/13DNfRT4u3Q6aI.gif,the prince of egypt GIF,the earth ' s surface is covered in a layer of ice,realization,0.1252247542142868
FDcj0q2ebEYww,/home/jecroisp/Thesis/processed_data/TestingData/downLoadedGifs/FDcj0q2ebEYww.gif,game of thrones television GIF,a woman with long hair,realization,0.12469295412302017
125fwzrLF058AM,/home/jecroisp/Thesis/processed_data/TestingData/downLoadedGifs/125fwzrLF058AM.gif,sofia coppola GIF,a man and woman laying in bed,realization,0.09902030229568481
Lx4pmGXrGNGZq,/home/jecroisp/Thesis/processed_data/TestingData/downLoadedGifs/Lx4pmGXrGNGZq.gif,Robert Downey Jr GIF,a man and woman in a field,realization,0.126372829079628
hPSMHzgHQeFuE,/home/jecroisp/Thesis/processed_data/TestingData/downLoadedGifs/hPSMHzgHQeFuE.gif,tom cruise no GIF,a man with a knife in his hand,anger,0.19428198039531708
aaoG2VSbUdUe4,/home/jecroisp/Thesis/processed_data/TestingData/downLoadedGifs/aaoG2VSbUdUe4.gif,david tennant rage GIF,a man with a beard,realization,0.12993264198303223
lwdzpYxsi4iJi,/home/jecroisp/Thesis/processed_data/TestingData/downLoadedGifs/lwdzpYxsi4iJi.gif,game of thrones i ship dany and jorah forever and theres nothing you can say that will stop me GIF,a woman in a red dress standing next to a fire,excitement,0.12211000919342041
zL1dS1DJDvg6Q,/home/jecroisp/Thesis/processed_data/TestingData/downLoadedGifs/zL1dS1DJDvg6Q.gif,Kermit The Frog Muppets GIF,kesst kerst kerst kerstt kerstt kerstt kerst,caring,0.07610253989696503
ayuqM0h0QKXVS,/home/jecroisp/Thesis/processed_data/TestingData/downLoadedGifs/ayuqM0h0QKXVS.gif,dr strangelove phone GIF,a man sitting in front of a computer,annoyance,0.11550374329090118
l3iFkFhEGAme4,/home/jecroisp/Thesis/processed_data/TestingData/downLoadedGifs/l3iFkFhEGAme4.gif,titanic kate winslet GIF,a man in a suit and tie is holding a bag,curiosity,0.08447444438934326
105nDZSgnQHeEg,/home/jecroisp/Thesis/processed_data/TestingData/downLoadedGifs/105nDZSgnQHeEg.gif,Michael Cera Want GIF,a man wearing a black jacket,curiosity,0.0959739163517952
142a3ycYK7biCI,/home/jecroisp/Thesis/processed_data/TestingData/downLoadedGifs/142a3ycYK7biCI.gif,dumb and dumber television GIF,a man with his hands up in the air,excitement,0.16191862523555756
11J6HQutnctcU8,/home/jecroisp/Thesis/processed_data/TestingData/downLoadedGifs/11J6HQutnctcU8.gif,i love him so much richard speight jr GIF,a man with a mustache and a mustache,realization,0.12842266261577606
pLnxbpVosgjE4,/home/jecroisp/Thesis/processed_data/TestingData/downLoadedGifs/pLnxbpVosgjE4.gif,Wonder Woman Beach GIF,a man and woman on the beach,curiosity,0.10831356048583984
dtBjNKf61Wqqc,/home/jecroisp/Thesis/processed_data/TestingData/downLoadedGifs/dtBjNKf61Wqqc.gif,wizard of oz GIF,a scene from the wizard ' s lair,curiosity,0.13749849796295166
eRppSyIp9brag,/home/jecroisp/Thesis/processed_data/TestingData/downLoadedGifs/eRppSyIp9brag.gif,dumb and dumber GIF,an older woman with a quote on her face,curiosity,0.11192359030246735
ELHalaD1wIaLS,/home/jecroisp/Thesis/processed_data/TestingData/downLoadedGifs/ELHalaD1wIaLS.gif,leonardo dicaprio facts GIF,a man in a tuxed tuxed tuxed tuxed tuxed tuxed tuxed tuxed,realization,0.12204740196466446
xUBEykINuR8w8,/home/jecroisp/Thesis/processed_data/TestingData/downLoadedGifs/xUBEykINuR8w8.gif,the virgin suicides GIF,a group of girls laying on a bed,realization,0.07287715375423431
m2waAXhvLA0KI,/home/jecroisp/Thesis/processed_data/TestingData/downLoadedGifs/m2waAXhvLA0KI.gif,back to the future GIF,a man in a hat and coat talking to another man,curiosity,0.10504351556301117
ghunn7VEJjj32,/home/jecroisp/Thesis/processed_data/TestingData/downLoadedGifs/ghunn7VEJjj32.gif,game of thrones GIF,the walking dead season 3 episode 3,disgust,0.1049322560429573
vFa3GwYAAAZyM,/home/jecroisp/Thesis/processed_data/TestingData/downLoadedGifs/vFa3GwYAAAZyM.gif,Sexy GIF,a man and woman sitting on a bed,realization,0.1002202183008194
bQC7ZxmQ3LdLO,/home/jecroisp/Thesis/processed_data/TestingData/downLoadedGifs/bQC7ZxmQ3LdLO.gif,I Want You Flirting GIF,a cat in a witch costume is standing on a broom,excitement,0.11020884662866592
sVhSmYghQt4A0,/home/jecroisp/Thesis/processed_data/TestingData/downLoadedGifs/sVhSmYghQt4A0.gif,paris hilton ok GIF by RealityTVGIFs,a woman sitting at a table with a cell,realization,0.09350654482841492
10J0Gj2jWO9tKg,/home/jecroisp/Thesis/processed_data/TestingData/downLoadedGifs/10J0Gj2jWO9tKg.gif,bruce lee shock GIF,a man with a shirt on,curiosity,0.07117193937301636
BOgJCZ69lAuuQ,/home/jecroisp/Thesis/processed_data/TestingData/downLoadedGifs/BOgJCZ69lAuuQ.gif,harry styles sleeping GIF,a woman sleeping on a bed,realization,0.09826882183551788
3oz8xIQbm340RYxX8c,/home/jecroisp/Thesis/processed_data/TestingData/downLoadedGifs/3oz8xIQbm340RYxX8c.gif,Blinking Keke Palmer GIF by BET,a woman sitting on a bench,curiosity,0.09202457964420319
BsZ8JyNQ1Ji9y,/home/jecroisp/Thesis/processed_data/TestingData/downLoadedGifs/BsZ8JyNQ1Ji9y.gif,batman joker GIF,a group of people in costumes and masks,curiosity,0.08945140987634659
j5ncTQKEIROne,/home/jecroisp/Thesis/processed_data/TestingData/downLoadedGifs/j5ncTQKEIROne.gif,Go Home Backstabbing Friends GIF,"a boy with a mustache and a quote that says, you ' re, you ' re, you",confusion,0.13710081577301025
TU4IsbLjx9G2Q,/home/jecroisp/Thesis/processed_data/TestingData/downLoadedGifs/TU4IsbLjx9G2Q.gif,mockingjay part 2 film GIF,a woman with yellow hair,realization,0.10573823004961014
RH9UkgS6sKozm,/home/jecroisp/Thesis/processed_data/TestingData/downLoadedGifs/RH9UkgS6sKozm.gif,Rudolph The Red Nosed Reindeer Christmas GIF,rudolph and rudolph the reindeer,amusement,0.18110999464988708
xT1R9D5z2Xm1pok6Na,/home/jecroisp/Thesis/processed_data/TestingData/downLoadedGifs/xT1R9D5z2Xm1pok6Na.gif,Japan Japanese GIF,a man in a bathroom,realization,0.11612167209386826
xo6QL3gjGMimA,/home/jecroisp/Thesis/processed_data/TestingData/downLoadedGifs/xo6QL3gjGMimA.gif,excited leonardo dicaprio GIF,a man with no shirt,disapproval,0.16137193143367767
aPN2C7ZONEwEe5PNXj,/home/jecroisp/Thesis/processed_data/TestingData/downLoadedGifs/aPN2C7ZONEwEe5PNXj.gif,Happy I Love You GIF by Warner Bros. Deutschland,a young man in a plaid shirt holding a white object,curiosity,0.11662143468856812
Nx2Lx1RmLadtC,/home/jecroisp/Thesis/processed_data/TestingData/downLoadedGifs/Nx2Lx1RmLadtC.gif,Jack Nicholson Deal With It GIF,a man in a car with a cell,realization,0.08513570576906204
JUh0yTz4h931K,/home/jecroisp/Thesis/processed_data/TestingData/downLoadedGifs/JUh0yTz4h931K.gif,Magnify Rick Moranis GIF,a group of people,realization,0.09748613834381104
dR4VPbfL9ejKg,/home/jecroisp/Thesis/processed_data/TestingData/downLoadedGifs/dR4VPbfL9ejKg.gif,old man GIF,a woman and a man in a room,realization,0.11130661517381668
P9SmzhwWh6NWg,/home/jecroisp/Thesis/processed_data/TestingData/downLoadedGifs/P9SmzhwWh6NWg.gif,Animated GIF,a man in a suit and tie,realization,0.12467052787542343
dcYAV9k3EZPTG,/home/jecroisp/Thesis/processed_data/TestingData/downLoadedGifs/dcYAV9k3EZPTG.gif,steve martin asshat GIF,a man in a chef ' s uniform talking to a man in a chef ' s uniform,curiosity,0.10044863075017929
HLsevXffIdQqI,/home/jecroisp/Thesis/processed_data/TestingData/downLoadedGifs/HLsevXffIdQqI.gif,frozen trailers GIF,a woman in a purple sweater,curiosity,0.12427022308111191
IImnQWkEDwYzC,/home/jecroisp/Thesis/processed_data/TestingData/downLoadedGifs/IImnQWkEDwYzC.gif,tom hanks quote GIF,a man holding a gun,anger,0.17347022891044617
1Mng0gXC5Tpcs,/home/jecroisp/Thesis/processed_data/TestingData/downLoadedGifs/1Mng0gXC5Tpcs.gif,doctor who dancing GIF by Cheezburger,a robot in a field,realization,0.10467387735843658
bo5pJyxUr3R9C,/home/jecroisp/Thesis/processed_data/TestingData/downLoadedGifs/bo5pJyxUr3R9C.gif,Ryan Gosling Drive GIF,a man in a white jacket with yellow paint on his back,curiosity,0.11392630636692047
kVA5mbyY6Z6AU,/home/jecroisp/Thesis/processed_data/TestingData/downLoadedGifs/kVA5mbyY6Z6AU.gif,Reaction GIF,a man with a black hat and a black shirt,curiosity,0.08749702572822571
3o7abBAEIlO4kWucQ8,/home/jecroisp/Thesis/processed_data/TestingData/downLoadedGifs/3o7abBAEIlO4kWucQ8.gif,Movie GIF by Star Wars,a yoorm sitting in a chair,embarrassment,0.08161909878253937
6U6sno5AkUsOQ,/home/jecroisp/Thesis/processed_data/TestingData/downLoadedGifs/6U6sno5AkUsOQ.gif,Shocked Disney GIF,a white stuffed bird,amusement,0.12997259199619293
liUBWvASzqP0k,/home/jecroisp/Thesis/processed_data/TestingData/downLoadedGifs/liUBWvASzqP0k.gif,Jimmy Fallon Hello GIF,a woman with a ring on her finger,realization,0.10910188406705856
DliyTFVc86qgE,/home/jecroisp/Thesis/processed_data/TestingData/downLoadedGifs/DliyTFVc86qgE.gif,dirty harry GIF,a man with a quote on his face,curiosity,0.08436597138643265
d2Z7rMZnwEzolYQ0,/home/jecroisp/Thesis/processed_data/TestingData/downLoadedGifs/d2Z7rMZnwEzolYQ0.gif,90S Catherine Ohara GIF by Home Alone,a bed with a red blanket,caring,0.12680338323116302
Jr7YlhsCbwZDG,/home/jecroisp/Thesis/processed_data/TestingData/downLoadedGifs/Jr7YlhsCbwZDG.gif,Sorry GIF,a woman with blonde hair,curiosity,0.10166788101196289
io3Y035fPzJKM,/home/jecroisp/Thesis/processed_data/TestingData/downLoadedGifs/io3Y035fPzJKM.gif,ferris buellers day off cough GIF,a young man in a red sweater,curiosity,0.11364027857780457
gZq7GstcdqVXi,/home/jecroisp/Thesis/processed_data/TestingData/downLoadedGifs/gZq7GstcdqVXi.gif,Excited Katy Perry GIF by Katy Perry GIF Party,a woman with pink hair and a black shirt,desire,0.12340056896209717
12bO6mIZRgRHKU,/home/jecroisp/Thesis/processed_data/TestingData/downLoadedGifs/12bO6mIZRgRHKU.gif,friends GIF,a man in a towel and a towel on his head,relief,0.08075959235429764
c35RMDO6luMaQ,/home/jecroisp/Thesis/processed_data/TestingData/downLoadedGifs/c35RMDO6luMaQ.gif,Mr Bean GIF,a man in a suit and tie sitting on a train,curiosity,0.09918823838233948
jzW66XbRwIePK,/home/jecroisp/Thesis/processed_data/TestingData/downLoadedGifs/jzW66XbRwIePK.gif,waynes world comedy GIF,a woman with blonde hair,curiosity,0.10166788101196289
3o85xzYIHuDl00se3K,/home/jecroisp/Thesis/processed_data/TestingData/downLoadedGifs/3o85xzYIHuDl00se3K.gif, ,a group of people sitting around a table,curiosity,0.09934347122907639
vzpy2NjOKdeyk,/home/jecroisp/Thesis/processed_data/TestingData/downLoadedGifs/vzpy2NjOKdeyk.gif,sad jon stewart GIF,a man sitting on a couch with a teddy bear,amusement,0.12180968374013901
44p9S3IjhXjdS,/home/jecroisp/Thesis/processed_data/TestingData/downLoadedGifs/44p9S3IjhXjdS.gif,ace ventura GIF,a man in a white shirt,realization,0.10580017417669296
EWdsP9gHR9OFy,/home/jecroisp/Thesis/processed_data/TestingData/downLoadedGifs/EWdsP9gHR9OFy.gif,Mad Emma Stone GIF,a woman with a surprised expression in a movie,surprise,0.5401355624198914
vhfXOHbsMSY8g,/home/jecroisp/Thesis/processed_data/TestingData/downLoadedGifs/vhfXOHbsMSY8g.gif,johnny depp goodbye GIF,a man with a black hair and a white face,realization,0.10048728436231613
hsAJkbDnO8avm,/home/jecroisp/Thesis/processed_data/TestingData/downLoadedGifs/hsAJkbDnO8avm.gif,Home Alone Pepsi GIF,a group of people sitting around a table,curiosity,0.09934347122907639
z1cfTvIuE3bry,/home/jecroisp/Thesis/processed_data/TestingData/downLoadedGifs/z1cfTvIuE3bry.gif,weird science GIF,a man wearing a baseball cap,curiosity,0.11478760093450546
gsfQaYI6szUtO,/home/jecroisp/Thesis/processed_data/TestingData/downLoadedGifs/gsfQaYI6szUtO.gif,unimpressed james bond GIF,a man in a suit and tie standing in a room,realization,0.09998122602701187
Xh1vgIUkJbPKo,/home/jecroisp/Thesis/processed_data/TestingData/downLoadedGifs/Xh1vgIUkJbPKo.gif,dumb and dumber yes GIF,a man sitting at a table,realization,0.10489854216575623
omexlPoKyRKgM,/home/jecroisp/Thesis/processed_data/TestingData/downLoadedGifs/omexlPoKyRKgM.gif,Dirty Dancing GIF,a woman sitting on the floor,embarrassment,0.09440077096223831
QiLGO93p22Epy,/home/jecroisp/Thesis/processed_data/TestingData/downLoadedGifs/QiLGO93p22Epy.gif,Tired Good Night GIF,a little girl sitting on a bed with a teddy bear,caring,0.08968079835176468
231jfAgZ9N8ac,/home/jecroisp/Thesis/processed_data/TestingData/downLoadedGifs/231jfAgZ9N8ac.gif,depressed anthony michael hall GIF,a man sitting in front of a window with a quote on it,curiosity,0.12757468223571777
26FLgVAMUwiKY99M4,/home/jecroisp/Thesis/processed_data/TestingData/downLoadedGifs/26FLgVAMUwiKY99M4.gif,GIF by HULU,a woman with long hair,realization,0.12469295412302017
BouHPD3zdVEek,/home/jecroisp/Thesis/processed_data/TestingData/downLoadedGifs/BouHPD3zdVEek.gif,star trek poker GIF,a group of people playing poker,amusement,0.1558382511138916
bxRPxJVOfCHNS,/home/jecroisp/Thesis/processed_data/TestingData/downLoadedGifs/bxRPxJVOfCHNS.gif,bridesmaids GIF,a woman in a striped dress,curiosity,0.12341027706861496
RFRFc3yjQGr04,/home/jecroisp/Thesis/processed_data/TestingData/downLoadedGifs/RFRFc3yjQGr04.gif,yo flirting GIF,a woman with sunglasses on talking on a cell,curiosity,0.09182383120059967
Z5KFinrsuLQVW,/home/jecroisp/Thesis/processed_data/TestingData/downLoadedGifs/Z5KFinrsuLQVW.gif,martin freeman sigh GIF,a man in a red shirt and a woman in a black dress,curiosity,0.11105534434318542
FtBw4gIVV6fTO,/home/jecroisp/Thesis/processed_data/TestingData/downLoadedGifs/FtBw4gIVV6fTO.gif,Frustrated Toy Story GIF,a cartoon character in a kitchen with a large egg,amusement,0.4423215985298157
ZLNJcUcndjB4s,/home/jecroisp/Thesis/processed_data/TestingData/downLoadedGifs/ZLNJcUcndjB4s.gif,Friday The 13Th 80S GIF,a person in a mask with a knife,anger,0.14047886431217194
G4iTN6BzRaHyU,/home/jecroisp/Thesis/processed_data/TestingData/downLoadedGifs/G4iTN6BzRaHyU.gif,titanic GIF,a group of people standing around a boat,curiosity,0.11086636036634445
cytMOyTAI5EuDeerqV,/home/jecroisp/Thesis/processed_data/TestingData/downLoadedGifs/cytMOyTAI5EuDeerqV.gif,Pop Culture Glitch GIF by Robert Matejcek,a circular image of a black and white background with a rainbow - colored pattern,curiosity,0.16220197081565857
26tPeuI0VimunEKdO,/home/jecroisp/Thesis/processed_data/TestingData/downLoadedGifs/26tPeuI0VimunEKdO.gif,Macaulay Culkin 90S GIF by Home Alone,a young boy with a red nose and a white shirt,curiosity,0.09946301579475403
1aM2NVojAU3GE,/home/jecroisp/Thesis/processed_data/TestingData/downLoadedGifs/1aM2NVojAU3GE.gif,sad chloe grace moretz GIF,a woman sitting on a chair in front of a window,curiosity,0.11682350188493729
aHl1ghVQG1TdC,/home/jecroisp/Thesis/processed_data/TestingData/downLoadedGifs/aHl1ghVQG1TdC.gif,miley cyrus running GIF,a man and woman walking on the beach,curiosity,0.13482271134853363
A4Mw5ePRh25Z8oGpgR,/home/jecroisp/Thesis/processed_data/TestingData/downLoadedGifs/A4Mw5ePRh25Z8oGpgR.gif,Jim Henson Popcorn GIF by Muppet Wiki,a boy wearing a hat,realization,0.08952370285987854
qNtZneOGquVxK,/home/jecroisp/Thesis/processed_data/TestingData/downLoadedGifs/qNtZneOGquVxK.gif,the silence of the lambs GIF,a man in a suit standing in a room,realization,0.0940617173910141
UNgNO6cLSYjte,/home/jecroisp/Thesis/processed_data/TestingData/downLoadedGifs/UNgNO6cLSYjte.gif,the red shoes GIF,a man and woman in a costume are dancing,excitement,0.20465020835399628
Ch2CxqLmtKM6mjdguo,/home/jecroisp/Thesis/processed_data/TestingData/downLoadedGifs/Ch2CxqLmtKM6mjdguo.gif,Were Here Smiling GIF by BuzzFeed,a woman sitting on a chair with a laptop,curiosity,0.0871763825416565
pVHFCtH0jYGUU,/home/jecroisp/Thesis/processed_data/TestingData/downLoadedGifs/pVHFCtH0jYGUU.gif,mad max GIF,a painting of a man with a knife,curiosity,0.13456830382347107
giiywitgl7wMgY3GtO,/home/jecroisp/Thesis/processed_data/TestingData/downLoadedGifs/giiywitgl7wMgY3GtO.gif,,the grand budapest hotel,realization,0.11231010407209396
yJd73I4hdUIGQ,/home/jecroisp/Thesis/processed_data/TestingData/downLoadedGifs/yJd73I4hdUIGQ.gif,Home Alone 2 GIF,a man with a beard and a beard,realization,0.12548239529132843
vwTfxvuiHOi7C,/home/jecroisp/Thesis/processed_data/TestingData/downLoadedGifs/vwTfxvuiHOi7C.gif,fight club GIF,a man with a quote on his face,curiosity,0.08436597138643265
MWG1gTCynQJA4,/home/jecroisp/Thesis/processed_data/TestingData/downLoadedGifs/MWG1gTCynQJA4.gif,suicide squad GIF,a woman with a gun in her hand,anger,0.13137187063694
XCopjiQ1O29sA,/home/jecroisp/Thesis/processed_data/TestingData/downLoadedGifs/XCopjiQ1O29sA.gif,Sad Bbc GIF,a man in a suit and tie standing in the rain,surprise,0.10202434659004211
b6Rgr2ktXhCww,/home/jecroisp/Thesis/processed_data/TestingData/downLoadedGifs/b6Rgr2ktXhCww.gif,shocked john travolta GIF,two men standing next to each other men,curiosity,0.08691023290157318
OKttTanTR7bws,/home/jecroisp/Thesis/processed_data/TestingData/downLoadedGifs/OKttTanTR7bws.gif,harry potter what GIF,a man with glasses,realization,0.11157823354005814
BYYlZ1gVn3iNy,/home/jecroisp/Thesis/processed_data/TestingData/downLoadedGifs/BYYlZ1gVn3iNy.gif,awkward sorry not sorry GIF,the meanies are all dressed up in cheer uniforms,excitement,0.11829441040754318
TDWwXnAZbp0xW,/home/jecroisp/Thesis/processed_data/TestingData/downLoadedGifs/TDWwXnAZbp0xW.gif,Elf Waving GIF,a man taking a picture of a city street,curiosity,0.15201033651828766
14nf2BIr9HDUgE,/home/jecroisp/Thesis/processed_data/TestingData/downLoadedGifs/14nf2BIr9HDUgE.gif,star trek running GIF,a man in a white suit is standing in a room,surprise,0.09194284677505493
ce66jG3Gcy1UY,/home/jecroisp/Thesis/processed_data/TestingData/downLoadedGifs/ce66jG3Gcy1UY.gif,home alone GIF,a woman in a green apron holding a cup,curiosity,0.103363998234272
b3u8anVaWFQ9G,/home/jecroisp/Thesis/processed_data/TestingData/downLoadedGifs/b3u8anVaWFQ9G.gif,this is the end boom GIF,a man with a beard,realization,0.12993264198303223
W9MrmldYlFm5G,/home/jecroisp/Thesis/processed_data/TestingData/downLoadedGifs/W9MrmldYlFm5G.gif,sick kirk douglas GIF,a man and woman talking in a room,realization,0.1144338995218277
TbZ9SAB5Wzgn6,/home/jecroisp/Thesis/processed_data/TestingData/downLoadedGifs/TbZ9SAB5Wzgn6.gif,home alone GIF,a long hallway with a man walking down the middle,curiosity,0.09538999199867249
rsZXfWjafmRa0,/home/jecroisp/Thesis/processed_data/TestingData/downLoadedGifs/rsZXfWjafmRa0.gif,eyes running GIF,a woman is walking down the street with her cell,annoyance,0.08799747377634048
8UG1edVCQECic,/home/jecroisp/Thesis/processed_data/TestingData/downLoadedGifs/8UG1edVCQECic.gif,chris farley Tommy Callahan GIF,a man standing in front of a red wall,curiosity,0.07665068656206131
l3vR5FWuzjnZnfsoE,/home/jecroisp/Thesis/processed_data/TestingData/downLoadedGifs/l3vR5FWuzjnZnfsoE.gif,Sad Keke Palmer GIF by BET,a woman is holding a cell phone,confusion,0.08587059378623962
10v3lkyiqrIJ7a,/home/jecroisp/Thesis/processed_data/TestingData/downLoadedGifs/10v3lkyiqrIJ7a.gif,post GIF,a woman with long hair,realization,0.12469295412302017
pnN02f7FZ9psI,/home/jecroisp/Thesis/processed_data/TestingData/downLoadedGifs/pnN02f7FZ9psI.gif,adam sandler film GIF,a television with a picture of two men talking,curiosity,0.15030652284622192
zQm0rSOmXcDm0,/home/jecroisp/Thesis/processed_data/TestingData/downLoadedGifs/zQm0rSOmXcDm0.gif,the sopranos morning GIF,a man walking down a road,confusion,0.09758787602186203
uJESlGbxDPscM,/home/jecroisp/Thesis/processed_data/TestingData/downLoadedGifs/uJESlGbxDPscM.gif,harry potter GIF,a group of people jumping in the air,excitement,0.4057760238647461
uP3gruWhesAKxiA00v,/home/jecroisp/Thesis/processed_data/TestingData/downLoadedGifs/uP3gruWhesAKxiA00v.gif,Glasgow Film Festival Movie GIF by Signature Entertainment,a woman in a yellow sweater,curiosity,0.11220335215330124
a9qNCd2zeCMwM,/home/jecroisp/Thesis/processed_data/TestingData/downLoadedGifs/a9qNCd2zeCMwM.gif,i miss you GIF,a woman with long hair,realization,0.12469295412302017
3o6Ztgta1v4i7pOy3u,/home/jecroisp/Thesis/processed_data/TestingData/downLoadedGifs/3o6Ztgta1v4i7pOy3u.gif,karrueche tran crying GIF by BET,a woman sitting on a couch with a pillow,realization,0.0785905048251152
3ornk7nts29Am5LIfm,/home/jecroisp/Thesis/processed_data/TestingData/downLoadedGifs/3ornk7nts29Am5LIfm.gif,Sith Lord Unlimited Power GIF by Star Wars,a man with a white beard,realization,0.12806086242198944
lTneijCUBou4,/home/jecroisp/Thesis/processed_data/TestingData/downLoadedGifs/lTneijCUBou4.gif,Mean Girls Yes GIF,a woman sitting at a table with a drink,curiosity,0.09154671430587769
RV012Nn33GmwE,/home/jecroisp/Thesis/processed_data/TestingData/downLoadedGifs/RV012Nn33GmwE.gif,yeah GIF,a man and woman are talking in a room,realization,0.11277859658002853
1cVsdnAKMmfny,/home/jecroisp/Thesis/processed_data/TestingData/downLoadedGifs/1cVsdnAKMmfny.gif,ryan reynolds deadpool GIF,a man laying in a hospital bed with a quote on it,caring,0.07771410048007965
SKhNHgpJzthII,/home/jecroisp/Thesis/processed_data/TestingData/downLoadedGifs/SKhNHgpJzthII.gif,happy wizard of oz GIF,the wizard and his friends in the wizard ' s garden,excitement,0.116414874792099
kCb3Wq8ZOq4WQ,/home/jecroisp/Thesis/processed_data/TestingData/downLoadedGifs/kCb3Wq8ZOq4WQ.gif,chris farley GIF,a man in a white shirt,realization,0.10580017417669296
wIkSRfA6qYy1oAimB5,/home/jecroisp/Thesis/processed_data/TestingData/downLoadedGifs/wIkSRfA6qYy1oAimB5.gif,burt reynolds film GIF,a woman and a man in a car,realization,0.09119591861963272
HqHX4xRIjle48,/home/jecroisp/Thesis/processed_data/TestingData/downLoadedGifs/HqHX4xRIjle48.gif,neve campbell film GIF,a girl standing on a couch in front of a window,curiosity,0.1055966466665268
dIM73dIp74msM,/home/jecroisp/Thesis/processed_data/TestingData/downLoadedGifs/dIM73dIp74msM.gif,GIF by SB Nation,a group of people standing around a cake,curiosity,0.1080382689833641
108UOkkYPawnPa,/home/jecroisp/Thesis/processed_data/TestingData/downLoadedGifs/108UOkkYPawnPa.gif,sad tom hiddleston GIF,a man in a black shirt and a black jacket,desire,0.10433973371982574
EYQlopLILSA1O,/home/jecroisp/Thesis/processed_data/TestingData/downLoadedGifs/EYQlopLILSA1O.gif,back to the future GIF,a man in a blue jacket holding a cell,nervousness,0.07684608548879623
13YILELIsmsRnq,/home/jecroisp/Thesis/processed_data/TestingData/downLoadedGifs/13YILELIsmsRnq.gif,embarrassed channing tatum GIF,a man in a blue shirt,realization,0.09462524205446243
10qknPq1zzwlLW,/home/jecroisp/Thesis/processed_data/TestingData/downLoadedGifs/10qknPq1zzwlLW.gif,sitting randal kleiser GIF,a woman with pink hair blowing a bubble,excitement,0.20030227303504944
au879GHBMcvw4,/home/jecroisp/Thesis/processed_data/TestingData/downLoadedGifs/au879GHBMcvw4.gif,martial arts peace GIF,two men sitting at a table,realization,0.09571021050214767
12IH6Dbg7xTvPO,/home/jecroisp/Thesis/processed_data/TestingData/downLoadedGifs/12IH6Dbg7xTvPO.gif,Old Man Disney GIF,the hus and the hus of the hus,excitement,0.14209604263305664
11RuG8n1SEkLqo,/home/jecroisp/Thesis/processed_data/TestingData/downLoadedGifs/11RuG8n1SEkLqo.gif,Sick Kill Me GIF,a man laying in a hospital bed,sadness,0.08781646937131882
6ZHUmnZdVQB9K,/home/jecroisp/Thesis/processed_data/TestingData/downLoadedGifs/6ZHUmnZdVQB9K.gif,Alice In Wonderland Shrug GIF,a cartoon of alice and alice in alice ' s wonderland,amusement,0.4700249135494232
bhG5drYIb6RI4,/home/jecroisp/Thesis/processed_data/TestingData/downLoadedGifs/bhG5drYIb6RI4.gif,talking jack black GIF,a man in a blue shirt and white pants,desire,0.1077042669057846
aFsZYg7iN7Q7C,/home/jecroisp/Thesis/processed_data/TestingData/downLoadedGifs/aFsZYg7iN7Q7C.gif,the life aquatic with steve zissou running GIF,a group of people running on the beach,excitement,0.2175626903772354
in9BMG2gESo5q,/home/jecroisp/Thesis/processed_data/TestingData/downLoadedGifs/in9BMG2gESo5q.gif,france watch GIF,"the cover of the album, ' the night is coming '",excitement,0.1124536395072937
